"lfdn";"external_lfdn";"tester";"dispcode";"lastpage";"quality";"duration";"p_0001";"v_1";"v_12";"v_13";"v_14";"v_15";"v_16";"v_17";"v_9";"v_20";"v_21";"v_10";"v_11";"browser";"referer";"device_type";"quota";"quota_assignment";"quota_rejected_id";"page_history";"hflip";"vflip";"output_mode";"javascript";"flash";"session_id";"language";"cleaned";"ats";"datetime";"date_of_last_access";"date_of_first_mail";"rts6658839";"rts6658840";"rts6658841";"rts6669991";"rts6670219";"rts6674846";"rnd_pg_6658842"
"15";"0";"0";"31";"6658837";"-77";"128";"3772";"1";"5";"5";"4";"3";"4";"6";"6";"2";"-99";"20";"1";"Mozilla/5.0 (Linux; Android 10; K) AppleWebKit/537.36 (KHTML, like Gecko) Chrome/114.0.0.0 Mobile Safari/537.36";"https://fu-berlin.sona-systems.com/";"0";"0";"-66";"0";"6658839,6669989,6658842,6658841,6669991,6674846,6670219,6669990,6658837";"1";"0";"0";"-77";"-77";"c3b0e9f0349e995c27d63410d7f2ad2f";"1";"0";"1686918760";"2023-06-16 12:32:40";"2023-06-16 12:34:48";"0000-00-00 00:00:00";"14";"0";"54";"105";"128";"115";"6658841"
"16";"0";"0";"31";"6658837";"-77";"133";"3748";"1";"6";"4";"6";"5";"6";"5";"1";"2";"-99";"24";"1";"Mozilla/5.0 (Macintosh; Intel Mac OS X 10.15; rv:109.0) Gecko/20100101 Firefox/114.0";"https://fu-berlin.sona-systems.com/";"0";"0";"-66";"0";"6658839,6669989,6658842,6658840,6669991,6674846,6670219,6669990,6658837";"0";"0";"0";"-77";"-77";"0f821798ab31ff26cb839e1becb02017";"1";"0";"1686919712";"2023-06-16 12:48:32";"2023-06-16 12:50:45";"0000-00-00 00:00:00";"54";"90";"0";"119";"133";"124";"6658840"
"17";"0";"0";"31";"6658837";"-77";"138";"3595";"1";"7";"7";"7";"4";"7";"5";"5";"2";"-99";"26";"1";"Mozilla/5.0 (Windows NT 10.0; Win64; x64) AppleWebKit/537.36 (KHTML, like Gecko) Chrome/114.0.0.0 Safari/537.36";"https://fu-berlin.sona-systems.com/";"0";"0";"-66";"0";"6658839,6669989,6658842,6658840,6669991,6674846,6670219,6669990,6658837";"1";"1";"0";"-77";"-77";"ef1536a0a4b56f06356e92b52d315b2a";"1";"0";"1686921964";"2023-06-16 13:26:04";"2023-06-16 13:28:22";"0000-00-00 00:00:00";"21";"57";"0";"113";"138";"125";"6658840"
"18";"0";"0";"31";"6658837";"-77";"82";"3313";"1";"5";"4";"6";"2";"5";"5";"4";"2";"-99";"18";"1";"Mozilla/5.0 (Macintosh; Intel Mac OS X 10_15_7) AppleWebKit/605.1.15 (KHTML, like Gecko) Version/16.3 Safari/605.1.15";"https://fu-berlin.sona-systems.com/";"0";"0";"-66";"0";"6658839,6669989,6658842,6658840,6669991,6674846,6670219,6669990,6658837";"1";"0";"0";"-77";"-77";"9eab2eed6f19b79420fbf8a3709779af";"1";"0";"1686927270";"2023-06-16 14:54:30";"2023-06-16 14:55:52";"0000-00-00 00:00:00";"17";"41";"0";"68";"82";"73";"6658840"
"20";"0";"0";"31";"6658837";"-77";"129";"3943";"1";"6";"6";"6";"5";"6";"6";"3";"2";"-99";"22";"1";"Mozilla/5.0 (Windows NT 10.0; Win64; x64) AppleWebKit/537.36 (KHTML, like Gecko) Chrome/114.0.0.0 Safari/537.36 Edg/114.0.1823.43";"https://fu-berlin.sona-systems.com/";"0";"0";"-66";"0";"6658839,6669989,6658842,6658840,6669991,6674846,6670219,6669990,6658837";"0";"0";"0";"-77";"-77";"c415cac2795cf7c06eeefc6262cb3c03";"1";"0";"1686941945";"2023-06-16 18:59:05";"2023-06-16 19:01:14";"0000-00-00 00:00:00";"59";"82";"0";"111";"129";"118";"6658840"
"21";"0";"0";"31";"6658837";"-77";"119";"4414";"1";"5";"5";"5";"3";"5";"5";"3";"2";"-99";"28";"1";"Mozilla/5.0 (Macintosh; Intel Mac OS X 10_15_7) AppleWebKit/537.36 (KHTML, like Gecko) Chrome/112.0.0.0 Safari/537.36";"https://fu-berlin.sona-systems.com/";"0";"0";"-66";"0";"6658839,6669989,6658842,6658840,6669991,6674846,6670219,6669990,6658837";"0";"0";"0";"-77";"-77";"396cc5817fd8b7568f6ddc3f48be0ac0";"1";"0";"1686947001";"2023-06-16 20:23:21";"2023-06-16 20:25:20";"0000-00-00 00:00:00";"16";"64";"0";"100";"119";"110";"6658840"
"22";"0";"0";"31";"6658837";"-77";"121";"3574";"1";"6";"6";"5";"4";"5";"6";"5";"3";"-99";"19";"1";"Mozilla/5.0 (Windows NT 10.0; Win64; x64; rv:109.0) Gecko/20100101 Firefox/114.0";"https://fu-berlin.sona-systems.com/";"0";"0";"-66";"0";"6658839,6669989,6658842,6658841,6669991,6674846,6670219,6669990,6658837";"1";"1";"0";"-77";"-77";"a5a1fbe89bbbb765ce050ff4e74562b0";"1";"0";"1686949392";"2023-06-16 21:03:12";"2023-06-16 21:05:14";"0000-00-00 00:00:00";"28";"0";"78";"104";"122";"113";"6658841"
"23";"0";"0";"31";"6658837";"-77";"102";"3319";"1";"6";"4";"5";"5";"7";"5";"3";"2";"-99";"18";"1";"Mozilla/5.0 (Windows NT 10.0; Win64; x64) AppleWebKit/537.36 (KHTML, like Gecko) Chrome/114.0.0.0 Safari/537.36";"https://fu-berlin.sona-systems.com/";"0";"0";"-66";"0";"6658839,6669989,6658842,6658840,6669991,6674846,6670219,6669990,6658837";"0";"0";"0";"-77";"-77";"42cc0dced32cef1cece405c9bf59735e";"1";"0";"1686982452";"2023-06-17 06:14:12";"2023-06-17 06:15:54";"0000-00-00 00:00:00";"32";"53";"0";"80";"102";"89";"6658840"
"24";"0";"0";"31";"6658837";"-77";"127";"4606";"1";"5";"5";"5";"4";"5";"5";"3";"2";"-99";"20";"1";"Mozilla/5.0 (Macintosh; Intel Mac OS X 10_15_7) AppleWebKit/605.1.15 (KHTML, like Gecko) Version/16.1 Safari/605.1.15";"https://fu-berlin.sona-systems.com/";"0";"0";"-66";"0";"6658839,6669989,6658842,6658840,6669991,6674846,6670219,6669990,6658837";"0";"1";"0";"-77";"-77";"61fdd121a988873fe637f697c98c2489";"1";"0";"1686984922";"2023-06-17 06:55:22";"2023-06-17 06:57:29";"0000-00-00 00:00:00";"14";"43";"0";"105";"127";"115";"6658840"
"25";"0";"0";"31";"6658837";"-77";"84";"3679";"1";"3";"4";"4";"3";"3";"4";"4";"2";"-99";"20";"1";"Mozilla/5.0 (Windows NT 10.0; Win64; x64; rv:109.0) Gecko/20100101 Firefox/114.0";"https://fu-berlin.sona-systems.com/";"0";"0";"-66";"0";"6658839,6669989,6658842,6658840,6669991,6674846,6670219,6669990,6658837";"1";"0";"0";"-77";"-77";"6e1ab466b71d3703bae8f62bfb79ae2c";"1";"0";"1686993248";"2023-06-17 09:14:08";"2023-06-17 09:15:32";"0000-00-00 00:00:00";"9";"20";"0";"66";"84";"72";"6658840"
"26";"0";"0";"31";"6658837";"-77";"129";"3442";"1";"5";"6";"5";"4";"5";"6";"6";"2";"-99";"25";"1";"Mozilla/5.0 (Macintosh; Intel Mac OS X 10.15; rv:109.0) Gecko/20100101 Firefox/111.0";"https://fu-berlin.sona-systems.com/";"0";"0";"-66";"0";"6658839,6669989,6658842,6658841,6669991,6674846,6670219,6669990,6658837";"0";"1";"0";"-77";"-77";"7007237f889eaf541af38c2a3281d579";"1";"0";"1686994918";"2023-06-17 09:41:58";"2023-06-17 09:44:07";"0000-00-00 00:00:00";"44";"0";"71";"113";"129";"120";"6658841"
"27";"0";"0";"31";"6658837";"-77";"119";"4753";"1";"6";"5";"6";"4";"6";"5";"7";"2";"-99";"20";"1";"Mozilla/5.0 (Windows NT 10.0; Win64; x64; rv:109.0) Gecko/20100101 Firefox/114.0";"https://fu-berlin.sona-systems.com/";"0";"0";"-66";"0";"6658839,6669989,6658842,6658841,6669991,6674846,6670219,6669990,6658837";"0";"0";"0";"-77";"-77";"4e7218bb1a3f8918554b7c6a936b484b";"1";"0";"1686998515";"2023-06-17 10:41:55";"2023-06-17 10:43:54";"0000-00-00 00:00:00";"20";"0";"66";"105";"119";"111";"6658841"
"28";"0";"0";"31";"6658837";"-77";"88";"3826";"1";"5";"6";"5";"4";"5";"5";"3";"2";"-99";"19";"1";"Mozilla/5.0 (Windows NT 10.0; Win64; x64) AppleWebKit/537.36 (KHTML, like Gecko) Chrome/113.0.0.0 Safari/537.36 Edg/113.0.1774.57";"https://fu-berlin.sona-systems.com/";"0";"0";"-66";"0";"6658839,6669989,6658842,6658840,6669991,6674846,6670219,6669990,6658837";"0";"0";"0";"-77";"-77";"b7059f7e9191fdafba615d9f01593267";"1";"0";"1687000382";"2023-06-17 11:13:02";"2023-06-17 11:14:30";"0000-00-00 00:00:00";"10";"34";"0";"69";"88";"77";"6658840"
"29";"0";"0";"31";"6658837";"-77";"162";"5137";"1";"6";"5";"6";"4";"6";"4";"5";"1";"-99";"29";"1";"Mozilla/5.0 (Macintosh; Intel Mac OS X 10_15_7) AppleWebKit/537.36 (KHTML, like Gecko) Chrome/114.0.0.0 Safari/537.36";"https://fu-berlin.sona-systems.com/";"0";"0";"-66";"0";"6658839,6669989,6658842,6658840,6669991,6674846,6670219,6669990,6658837";"0";"0";"0";"-77";"-77";"8e0931fdd7b19c05855b2fcc67588e3d";"1";"0";"1687014192";"2023-06-17 15:03:12";"2023-06-17 15:05:54";"0000-00-00 00:00:00";"44";"87";"0";"135";"162";"150";"6658840"
"30";"0";"0";"31";"6658837";"-77";"232";"4105";"1";"5";"4";"5";"2";"4";"4";"2";"2";"-99";"26";"1";"Mozilla/5.0 (iPhone; CPU iPhone OS 16_5 like Mac OS X) AppleWebKit/605.1.15 (KHTML, like Gecko) Version/16.5 Mobile/15E148 Safari/604.1";"https://fu-berlin.sona-systems.com/";"0";"0";"-66";"0";"6658839,6669989,6658842,6658841,6669991,6674846,6670219,6669990,6658837";"0";"1";"0";"-77";"-77";"5366c7fe04e05a7228b36e8e78847af1";"1";"0";"1687021909";"2023-06-17 17:11:49";"2023-06-17 17:15:41";"0000-00-00 00:00:00";"28";"0";"119";"201";"232";"216";"6658841"
"31";"0";"0";"31";"6658837";"-77";"172";"3844";"1";"6";"5";"6";"3";"6";"5";"1";"2";"-99";"18";"1";"Mozilla/5.0 (Windows NT 10.0; Win64; x64) AppleWebKit/537.36 (KHTML, like Gecko) Chrome/114.0.0.0 Safari/537.36";"https://fu-berlin.sona-systems.com/";"0";"0";"-66";"0";"6658839,6669989,6658842,6658841,6669991,6674846,6670219,6669990,6658837";"1";"0";"0";"-77";"-77";"d23166bdc0a2870d6374999a4b4182bd";"1";"0";"1687023930";"2023-06-17 17:45:30";"2023-06-17 17:48:22";"0000-00-00 00:00:00";"13";"0";"97";"144";"172";"160";"6658841"
"32";"0";"0";"31";"6658837";"-77";"165";"4285";"1";"6";"6";"6";"4";"6";"6";"6";"2";"-99";"25";"1";"Mozilla/5.0 (Macintosh; Intel Mac OS X 10_15_7) AppleWebKit/605.1.15 (KHTML, like Gecko) Version/14.1.2 Safari/605.1.15";"https://fu-berlin.sona-systems.com/exp_sign_up.aspx?experiment_id=138&timeslot_id=2458";"0";"0";"-66";"0";"6658839,6669989,6658842,6658841,6669991,6674846,6670219,6669990,6658837";"0";"0";"0";"-77";"-77";"2ddef43098293917517158d1b4a74fb2";"1";"0";"1687024423";"2023-06-17 17:53:43";"2023-06-17 17:56:28";"0000-00-00 00:00:00";"26";"0";"81";"147";"165";"152";"6658841"
"33";"0";"0";"31";"6658837";"-77";"122";"4903";"1";"6";"5";"6";"5";"6";"5";"3";"2";"-99";"20";"1";"Mozilla/5.0 (Macintosh; Intel Mac OS X 10_15_7) AppleWebKit/537.36 (KHTML, like Gecko) Chrome/114.0.0.0 Safari/537.36";"https://fu-berlin.sona-systems.com/";"0";"0";"-66";"0";"6658839,6669989,6658842,6658840,6669991,6674846,6670219,6669990,6658837";"0";"1";"0";"-77";"-77";"69577f00ddfafa7c6f8c38f0e56022c1";"1";"0";"1687026527";"2023-06-17 18:28:47";"2023-06-17 18:30:49";"0000-00-00 00:00:00";"17";"52";"0";"93";"122";"110";"6658840"
"34";"0";"0";"31";"6658837";"-77";"153";"3337";"1";"6";"4";"6";"3";"5";"4";"3";"2";"-99";"40";"1";"Mozilla/5.0 (Macintosh; Intel Mac OS X 10.15; rv:109.0) Gecko/20100101 Firefox/113.0";"https://fu-berlin.sona-systems.com/";"0";"0";"-66";"0";"6658839,6669989,6658842,6658840,6669991,6674846,6670219,6669990,6658837";"0";"1";"0";"-77";"-77";"ed42626c9b60c7c6e052caeffe70b887";"1";"0";"1687031777";"2023-06-17 19:56:17";"2023-06-17 19:58:50";"0000-00-00 00:00:00";"15";"70";"0";"126";"153";"139";"6658840"
"35";"0";"0";"31";"6658837";"-77";"119";"4501";"1";"3";"4";"5";"4";"5";"2";"1";"2";"-99";"20";"1";"Mozilla/5.0 (iPhone; CPU iPhone OS 15_6_1 like Mac OS X) AppleWebKit/605.1.15 (KHTML, like Gecko) Version/15.6.1 Mobile/15E148 Safari/604.1";"https://fu-berlin.sona-systems.com/";"0";"0";"-66";"0";"6658839,6669989,6658842,6658840,6669991,6674846,6670219,6669990,6658837";"0";"1";"0";"-77";"-77";"408c40052f40ecdfb7c95e619969d62d";"1";"0";"1687040211";"2023-06-17 22:16:51";"2023-06-17 22:18:50";"0000-00-00 00:00:00";"8";"35";"0";"104";"119";"110";"6658840"
"36";"0";"0";"31";"6658837";"-77";"74";"3394";"1";"4";"5";"5";"3";"5";"4";"3";"2";"-99";"19";"1";"Mozilla/5.0 (Windows NT 10.0; Win64; x64) AppleWebKit/537.36 (KHTML, like Gecko) Chrome/114.0.0.0 Safari/537.36 Edg/114.0.1823.43";"https://fu-berlin.sona-systems.com/";"0";"0";"-66";"0";"6658839,6669989,6658842,6658841,6669991,6674846,6670219,6669990,6658837";"0";"0";"0";"-77";"-77";"58c0d67325823ffac8c654635ae3d527";"1";"0";"1687075331";"2023-06-18 08:02:11";"2023-06-18 08:03:25";"0000-00-00 00:00:00";"7";"0";"26";"51";"74";"63";"6658841"
"37";"0";"0";"31";"6658837";"-77";"348";"4924";"1";"3";"3";"4";"2";"4";"3";"2";"2";"-99";"29";"1";"Mozilla/5.0 (iPhone; CPU iPhone OS 15_6_1 like Mac OS X) AppleWebKit/605.1.15 (KHTML, like Gecko) Version/15.6.1 Mobile/15E148 Safari/604.1";"https://fu-berlin.sona-systems.com/";"0";"0";"-66";"0";"6658839,6669989,6658842,6658840,6669991,6669989,6658842,6658840,6669991,6674846,6670219,6669990,6658837";"1";"1";"0";"-77";"-77";"0613b278cd60c083d2eab011239ae24d";"1";"0";"1687076937";"2023-06-18 08:28:57";"2023-06-18 08:34:45";"0000-00-00 00:00:00";"182";"218";"0";"327";"348";"338";"6658840"
"38";"0";"0";"31";"6658837";"-77";"103";"3274";"1";"6";"5";"6";"3";"6";"5";"2";"4";"-99";"19";"1";"Mozilla/5.0 (Macintosh; Intel Mac OS X 10_15_7) AppleWebKit/605.1.15 (KHTML, like Gecko) Version/16.5 Safari/605.1.15";"https://fu-berlin.sona-systems.com/";"0";"0";"-66";"0";"6658839,6669989,6658842,6658841,6669991,6674846,6670219,6669990,6658837";"1";"0";"0";"-77";"-77";"c92d40c32db2aac69b4c8fd00c7fce73";"1";"0";"1687077480";"2023-06-18 08:38:00";"2023-06-18 08:39:43";"0000-00-00 00:00:00";"21";"0";"47";"84";"103";"91";"6658841"
"39";"0";"0";"31";"6658837";"-77";"123";"3277";"1";"5";"6";"6";"4";"6";"5";"3";"2";"-99";"22";"1";"Mozilla/5.0 (Macintosh; Intel Mac OS X 10_15_7) AppleWebKit/605.1.15 (KHTML, like Gecko) Version/16.5 Safari/605.1.15";"https://fu-berlin.sona-systems.com/";"0";"0";"-66";"0";"6658839,6669989,6658842,6658841,6669991,6674846,6670219,6669990,6658837";"1";"1";"0";"-77";"-77";"9068827a51447bfbd8f660e3ce8c62fd";"1";"0";"1687081278";"2023-06-18 09:41:18";"2023-06-18 09:43:21";"0000-00-00 00:00:00";"7";"0";"62";"102";"123";"110";"6658841"
"40";"0";"0";"31";"6658837";"-77";"139";"4690";"1";"4";"4";"4";"4";"4";"4";"2";"2";"-99";"27";"1";"Mozilla/5.0 (Macintosh; Intel Mac OS X 10_15_7) AppleWebKit/537.36 (KHTML, like Gecko) Chrome/114.0.0.0 Safari/537.36";"https://fu-berlin.sona-systems.com/";"0";"0";"-66";"0";"6658839,6669989,6658842,6658840,6669991,6674846,6670219,6669990,6658837";"0";"0";"0";"-77";"-77";"5c3d50bb9d9ccd2e4c3c52c949a5760a";"1";"0";"1687084095";"2023-06-18 10:28:15";"2023-06-18 10:30:34";"0000-00-00 00:00:00";"21";"73";"0";"117";"139";"128";"6658840"
"41";"0";"0";"31";"6658837";"-77";"98";"3718";"1";"3";"4";"3";"3";"3";"4";"3";"2";"-99";"19";"1";"Mozilla/5.0 (Windows NT 10.0; Win64; x64) AppleWebKit/537.36 (KHTML, like Gecko) Chrome/114.0.0.0 Safari/537.36 Edg/114.0.1823.43";"https://fu-berlin.sona-systems.com/";"0";"0";"-66";"0";"6658839,6669989,6658842,6658840,6669991,6674846,6670219,6669990,6658837";"0";"1";"0";"-77";"-77";"f24ed70b584520c660d5ae79a14061cc";"1";"0";"1687085709";"2023-06-18 10:55:09";"2023-06-18 10:56:47";"0000-00-00 00:00:00";"10";"35";"0";"76";"98";"86";"6658840"
"43";"0";"0";"31";"6658837";"-77";"80";"3271";"1";"6";"6";"6";"4";"6";"6";"5";"1";"-99";"24";"1";"Mozilla/5.0 (Windows NT 10.0; Win64; x64) AppleWebKit/537.36 (KHTML, like Gecko) Chrome/114.0.0.0 Safari/537.36";"https://fu-berlin.sona-systems.com/";"0";"0";"-66";"0";"6658839,6669989,6658842,6658840,6669991,6674846,6670219,6669990,6658837";"1";"0";"0";"-77";"-77";"9b548a235411e6bbdc83ebaa05595261";"1";"0";"1687087609";"2023-06-18 11:26:49";"2023-06-18 11:28:09";"0000-00-00 00:00:00";"9";"35";"0";"63";"80";"70";"6658840"
"45";"0";"0";"31";"6658837";"-77";"179";"-77";"1";"5";"5";"5";"5";"5";"5";"3";"2";"-99";"24";"1";"Mozilla/5.0 (Linux; Android 13; SAMSUNG SM-G998B) AppleWebKit/537.36 (KHTML, like Gecko) SamsungBrowser/21.0 Chrome/110.0.5481.154 Mobile Safari/537.36";"-99";"0";"0";"-66";"0";"6658839,6669989,6658842,6658840,6669991,6674846,6670219,6669990,6658837";"0";"0";"0";"-77";"-77";"b46c7bcf6261977270ef6b293e4c7d64";"1";"0";"1687088021";"2023-06-18 11:33:41";"2023-06-18 11:36:40";"0000-00-00 00:00:00";"33";"92";"0";"157";"179";"168";"6658840"
"46";"0";"0";"31";"6658837";"-77";"112";"-77";"1";"4";"4";"4";"4";"4";"4";"2";"1";"-99";"30";"1";"Mozilla/5.0 (Linux; Android 10; K) AppleWebKit/537.36 (KHTML, like Gecko) Chrome/114.0.0.0 Mobile Safari/537.36";"-99";"0";"0";"-66";"0";"6658839,6669989,6658842,6658841,6669991,6674846,6670219,6669990,6658837";"1";"1";"0";"-77";"-77";"2c92a309ab3e9acdeec2be003357f8c0";"1";"0";"1687088130";"2023-06-18 11:35:30";"2023-06-18 11:37:22";"0000-00-00 00:00:00";"17";"0";"53";"91";"112";"100";"6658841"
"50";"0";"0";"31";"6658837";"-77";"94";"-77";"1";"4";"4";"4";"4";"4";"4";"5";"2";"-99";"27";"1";"Mozilla/5.0 (Linux; Android 10; K) AppleWebKit/537.36 (KHTML, like Gecko) Chrome/114.0.0.0 Mobile Safari/537.36";"-99";"0";"0";"-66";"0";"6658839,6669989,6658842,6658841,6669991,6674846,6670219,6669990,6658837";"0";"0";"0";"-77";"-77";"8df4170e738753859d70178657456a7b";"1";"0";"1687088876";"2023-06-18 11:47:56";"2023-06-18 11:49:30";"0000-00-00 00:00:00";"11";"0";"42";"72";"94";"81";"6658841"
"51";"0";"0";"31";"6658837";"-77";"84";"-77";"1";"5";"4";"5";"3";"6";"4";"5";"1";"-99";"27";"1";"Mozilla/5.0 (iPhone; CPU iPhone OS 16_5 like Mac OS X) AppleWebKit/605.1.15 (KHTML, like Gecko) Version/16.5 Mobile/15E148 Safari/604.1";"-99";"0";"0";"-66";"0";"6658839,6669989,6658842,6658841,6669991,6674846,6670219,6669990,6658837";"1";"0";"0";"-77";"-77";"440009db6b5b9d648259a791d6053aba";"1";"0";"1687089078";"2023-06-18 11:51:18";"2023-06-18 11:52:42";"0000-00-00 00:00:00";"8";"0";"34";"69";"84";"75";"6658841"
"52";"0";"0";"31";"6658837";"-77";"327";"-77";"1";"4";"6";"6";"4";"6";"6";"2";"2";"-99";"34";"1";"Mozilla/5.0 (Linux; Android 10; K) AppleWebKit/537.36 (KHTML, like Gecko) Chrome/114.0.0.0 Mobile Safari/537.36";"-99";"0";"0";"-66";"0";"6658839,6669989,6658842,6658841,6669991,6674846,6670219,6669990,6658837";"0";"0";"0";"-77";"-77";"29adaff8bd2b7fe48185c6b573787604";"1";"0";"1687089133";"2023-06-18 11:52:13";"2023-06-18 11:57:40";"0000-00-00 00:00:00";"70";"0";"175";"263";"327";"314";"6658841"
"53";"0";"0";"31";"6658837";"-77";"109";"-77";"1";"5";"5";"5";"5";"5";"5";"3";"2";"-99";"29";"1";"Mozilla/5.0 (iPhone; CPU iPhone OS 16_4_1 like Mac OS X) AppleWebKit/605.1.15 (KHTML, like Gecko) Version/16.4 Mobile/15E148 Safari/604.1";"-99";"0";"0";"-66";"0";"6658839,6669989,6658842,6658840,6669991,6674846,6670219,6669990,6658837";"1";"0";"0";"-77";"-77";"7d2f89ed161f4cc6c371f54679a7bea2";"1";"0";"1687090275";"2023-06-18 12:11:15";"2023-06-18 12:13:04";"0000-00-00 00:00:00";"9";"43";"0";"90";"109";"98";"6658840"
"54";"0";"0";"31";"6658837";"-77";"122";"-77";"1";"5";"5";"5";"3";"5";"6";"5";"1";"-99";"31";"1";"Mozilla/5.0 (Windows NT 10.0; Win64; x64; rv:109.0) Gecko/20100101 Firefox/114.0";"-99";"0";"0";"-66";"0";"6658839,6669989,6658842,6658840,6669991,6674846,6670219,6669990,6658837";"0";"1";"0";"-77";"-77";"bd5e81189656d4f6e24e9e372dafb545";"1";"0";"1687090608";"2023-06-18 12:16:48";"2023-06-18 12:18:50";"0000-00-00 00:00:00";"5";"52";"0";"98";"122";"109";"6658840"
"55";"0";"0";"31";"6658837";"-77";"2019";"-77";"1";"4";"4";"4";"4";"4";"4";"7";"1";"-99";"26";"1";"Mozilla/5.0 (Linux; Android 10; K) AppleWebKit/537.36 (KHTML, like Gecko) Chrome/114.0.0.0 Mobile Safari/537.36";"-99";"0";"0";"-66";"0";"6658839,6669989,6658842,6658841,6658841,6658841,6669991,6674846,6670219,6669990,6658837";"1";"0";"0";"-77";"-77";"49115e6fa1bc3f2935e51b4b3312f2ec";"1";"0";"1687091009";"2023-06-18 12:23:29";"2023-06-18 12:57:08";"0000-00-00 00:00:00";"13";"0";"1942";"1991";"2019";"2003";"6658841"
"57";"0";"0";"31";"6658837";"-77";"128";"0";"1";"4";"4";"5";"3";"0";"4";"3";"2";"-99";"27";"1";"Mozilla/5.0 (Macintosh; Intel Mac OS X 10_15_7) AppleWebKit/605.1.15 (KHTML, like Gecko) Version/16.5 Safari/605.1.15";"-99";"0";"0";"-66";"0";"6658839,6669989,6658842,6658840,6669991,6674846,6670219,6669990,6658837";"0";"0";"0";"-77";"-77";"2e63fdc7f9b00b6893f9d7ff4cc858ea";"1";"0";"1687093190";"2023-06-18 12:59:50";"2023-06-18 13:01:58";"0000-00-00 00:00:00";"27";"62";"0";"113";"128";"119";"6658840"
"60";"0";"0";"31";"6658837";"-77";"120";"-77";"1";"6";"4";"5";"4";"5";"4";"5";"1";"-99";"24";"1";"Mozilla/5.0 (Linux; Android 10; K) AppleWebKit/537.36 (KHTML, like Gecko) Chrome/114.0.0.0 Mobile Safari/537.36";"-99";"0";"0";"-66";"0";"6658839,6669989,6658842,6658841,6669991,6674846,6670219,6669990,6658837";"0";"1";"0";"-77";"-77";"47f24cb69a18bea5b5dc1435847cdd5e";"1";"0";"1687094579";"2023-06-18 13:22:59";"2023-06-18 13:24:59";"0000-00-00 00:00:00";"21";"0";"54";"91";"120";"110";"6658841"
"61";"0";"0";"31";"6658837";"-77";"163";"5155";"1";"6";"6";"6";"4";"6";"6";"5";"3";"-99";"31";"1";"Mozilla/5.0 (Macintosh; Intel Mac OS X 10_15_7) AppleWebKit/537.36 (KHTML, like Gecko) Chrome/114.0.0.0 Safari/537.36";"https://fu-berlin.sona-systems.com/";"0";"0";"-66";"0";"6658839,6669989,6658842,6658841,6669991,6674846,6670219,6669990,6658837";"0";"0";"0";"-77";"-77";"e21ecc2058314cdd1cab5b411302ec3d";"1";"0";"1687095504";"2023-06-18 13:38:24";"2023-06-18 13:41:07";"0000-00-00 00:00:00";"49";"0";"112";"141";"163";"151";"6658841"
"62";"0";"0";"31";"6658837";"-77";"199";"-77";"1";"6";"6";"6";"4";"6";"5";"7";"1";"-99";"23";"1";"Mozilla/5.0 (Linux; Android 10; K) AppleWebKit/537.36 (KHTML, like Gecko) Chrome/114.0.0.0 Mobile Safari/537.36";"-99";"0";"0";"-66";"0";"6658839,6669989,6658842,6658840,6669991,6674846,6670219,6669990,6658837";"0";"0";"0";"-77";"-77";"e00025bc90ff5e92720febc0cb4fd7d0";"1";"0";"1687098895";"2023-06-18 14:34:55";"2023-06-18 14:38:14";"0000-00-00 00:00:00";"10";"117";"0";"167";"199";"187";"6658840"
"63";"0";"0";"31";"6658837";"-77";"37";"-77";"1";"6";"7";"7";"4";"6";"7";"7";"1";"-99";"23";"1";"Mozilla/5.0 (Linux; Android 10; K) AppleWebKit/537.36 (KHTML, like Gecko) Chrome/114.0.0.0 Mobile Safari/537.36";"-99";"0";"0";"-66";"0";"6658839,6669989,6658842,6658841,6669991,6674846,6670219,6669990,6658837";"1";"0";"0";"-77";"-77";"01406b9df1e941fa10d9fed6511b70c1";"1";"0";"1687099223";"2023-06-18 14:40:23";"2023-06-18 14:41:00";"0000-00-00 00:00:00";"6";"0";"9";"28";"37";"31";"6658841"
"64";"0";"0";"31";"6658837";"-77";"90";"3571";"1";"6";"7";"6";"5";"6";"6";"5";"2";"-99";"21";"1";"Mozilla/5.0 (Windows NT 10.0; Win64; x64) AppleWebKit/537.36 (KHTML, like Gecko) Chrome/114.0.0.0 Safari/537.36 Edg/114.0.1823.51";"https://fu-berlin.sona-systems.com/";"0";"0";"-66";"0";"6658839,6669989,6658842,6658841,6669991,6674846,6670219,6669990,6658837";"1";"1";"0";"-77";"-77";"7cd72b197c17ceb8517aca0fa611ccf9";"1";"0";"1687101891";"2023-06-18 15:24:51";"2023-06-18 15:26:21";"0000-00-00 00:00:00";"16";"0";"47";"73";"90";"80";"6658841"
"65";"0";"0";"31";"6658837";"-77";"45";"-77";"1";"6";"7";"5";"6";"5";"6";"5";"2";"-99";"21";"1";"Mozilla/5.0 (Windows NT 10.0; Win64; x64) AppleWebKit/537.36 (KHTML, like Gecko) Chrome/114.0.0.0 Safari/537.36 Edg/114.0.1823.51";"-99";"0";"0";"-66";"0";"6658839,6669989,6658842,6658841,6669991,6674846,6670219,6669990,6658837";"0";"1";"0";"-77";"-77";"ba9cfd59ec00ec422f1e3ba512f5425c";"1";"0";"1687102134";"2023-06-18 15:28:54";"2023-06-18 15:29:39";"0000-00-00 00:00:00";"7";"0";"10";"32";"45";"38";"6658841"
"66";"0";"0";"31";"6658837";"-77";"134";"3508";"1";"4";"4";"4";"4";"4";"4";"3";"2";"-99";"26";"1";"Mozilla/5.0 (Windows NT 10.0; Win64; x64) AppleWebKit/537.36 (KHTML, like Gecko) Chrome/114.0.0.0 Safari/537.36";"https://fu-berlin.sona-systems.com/";"0";"0";"-66";"0";"6658839,6658839,6658839,6669989,6658842,6658840,6669991,6674846,6670219,6669990,6658837";"1";"0";"0";"-77";"-77";"7c09c7fbbfb4eb289f2da4fedca429fa";"1";"0";"1687102805";"2023-06-18 15:40:05";"2023-06-18 15:42:19";"0000-00-00 00:00:00";"18";"92";"0";"112";"134";"121";"6658840"
"68";"0";"0";"31";"6658837";"-77";"124";"-77";"1";"7";"4";"7";"4";"7";"4";"1";"2";"-99";"27";"1";"Mozilla/5.0 (Linux; Android 13; SAMSUNG SM-S906B) AppleWebKit/537.36 (KHTML, like Gecko) SamsungBrowser/21.0 Chrome/110.0.5481.154 Mobile Safari/537.36";"-99";"0";"0";"-66";"0";"6658839,6669989,6658842,6658841,6669991,6674846,6670219,6669990,6658837";"0";"0";"0";"-77";"-77";"34cd94704990908e31304243321fba69";"1";"0";"1687107795";"2023-06-18 17:03:15";"2023-06-18 17:05:19";"0000-00-00 00:00:00";"10";"0";"49";"102";"124";"110";"6658841"
"77";"0";"0";"33";"6658837";"-77";"103";"3619";"1";"6";"4";"5";"4";"5";"4";"6";"1";"-99";"21";"1";"Mozilla/5.0 (Macintosh; Intel Mac OS X 10_15_7) AppleWebKit/605.1.15 (KHTML, like Gecko) Version/16.3 Safari/605.1.15";"https://fu-berlin.sona-systems.com/";"0";"0";"-66";"0";"6658839,6669989,6658842,6658841,6669991,6674846,6670219,6669990,6683971,6658837";"1";"0";"0";"-77";"-77";"53285f8b264d6fa3144191d5d4f4776a";"1";"0";"1687120907";"2023-06-18 20:41:47";"2023-06-18 20:43:30";"0000-00-00 00:00:00";"6";"0";"41";"85";"99";"91";"6658841"
"78";"0";"0";"33";"6658837";"-77";"146";"4810";"1";"5";"4";"4";"3";"6";"2";"2";"2";"-99";"21";"1";"Mozilla/5.0 (Windows NT 10.0; Win64; x64; rv:109.0) Gecko/20100101 Firefox/114.0";"https://fu-berlin.sona-systems.com/";"0";"0";"-66";"0";"6658839,6669989,6658842,6658840,6669991,6674846,6670219,6669990,6683971,6658837";"1";"0";"0";"-77";"-77";"0689f1c8ca35b38bbeea32ee83a812c6";"1";"0";"1687127423";"2023-06-18 22:30:23";"2023-06-18 22:32:49";"0000-00-00 00:00:00";"9";"60";"0";"104";"136";"118";"6658840"
"79";"0";"0";"33";"6658837";"-77";"471";"4048";"1";"5";"4";"3";"2";"3";"4";"2";"2";"-99";"21";"1";"Mozilla/5.0 (Macintosh; Intel Mac OS X 10_15_7) AppleWebKit/537.36 (KHTML, like Gecko) Chrome/114.0.0.0 Safari/537.36";"https://fu-berlin.sona-systems.com/";"0";"0";"-66";"0";"6658839,6669989,6658842,6658841,6669991,6674846,6670219,6669990,6683971,6658837";"0";"1";"0";"-77";"-77";"154323f7a583cf3e05358fc76aac736e";"1";"0";"1687134872";"2023-06-19 00:34:32";"2023-06-19 00:42:23";"0000-00-00 00:00:00";"397";"0";"416";"449";"468";"457";"6658841"
"83";"0";"0";"33";"6658837";"-77";"89";"3886";"1";"7";"6";"7";"4";"7";"5";"2";"2";"-99";"20";"1";"Mozilla/5.0 (Macintosh; Intel Mac OS X 10_15_7) AppleWebKit/605.1.15 (KHTML, like Gecko) Version/15.6 Safari/605.1.15";"https://fu-berlin.sona-systems.com/";"0";"0";"-66";"0";"6658839,6669989,6658842,6658840,6669991,6674846,6670219,6669990,6658837";"1";"0";"0";"-77";"-77";"22dceb6609d51e817bcf48569e92b2f9";"1";"0";"1687164450";"2023-06-19 08:47:30";"2023-06-19 08:48:59";"0000-00-00 00:00:00";"18";"44";"0";"67";"89";"81";"6658840"
"84";"0";"0";"33";"6658837";"-77";"192";"3526";"1";"5";"4";"5";"3";"5";"6";"3";"2";"-99";"20";"1";"Mozilla/5.0 (Macintosh; Intel Mac OS X 10_15_7) AppleWebKit/537.36 (KHTML, like Gecko) Chrome/114.0.0.0 Safari/537.36";"https://fu-berlin.sona-systems.com/";"0";"0";"-66";"0";"6658839,6669989,6658842,6658841,6669991,6674846,6670219,6669990,6658837";"0";"0";"0";"-77";"-77";"524202aa38046cd3e39261a228450bf8";"1";"0";"1687165339";"2023-06-19 09:02:19";"2023-06-19 09:05:31";"0000-00-00 00:00:00";"6";"0";"147";"174";"192";"184";"6658841"
"85";"0";"0";"33";"6658837";"-77";"103";"3775";"1";"3";"3";"3";"5";"3";"4";"2";"1";"-99";"26";"1";"Mozilla/5.0 (Windows NT 10.0; Win64; x64; rv:109.0) Gecko/20100101 Firefox/114.0";"https://fu-berlin.sona-systems.com/";"0";"0";"-66";"0";"6658839,6669989,6658842,6658840,6669991,6674846,6670219,6669990,6658837";"1";"0";"0";"-77";"-77";"82f93de99fbf13d11bc0bcf67ea448d9";"1";"0";"1687169465";"2023-06-19 10:11:05";"2023-06-19 10:12:48";"0000-00-00 00:00:00";"9";"46";"0";"82";"103";"91";"6658840"
"86";"0";"0";"33";"6658837";"-77";"148";"4954";"1";"7";"6";"7";"4";"7";"7";"6";"2";"-99";"23";"1";"Mozilla/5.0 (Windows NT 10.0; Win64; x64; rv:109.0) Gecko/20100101 Firefox/114.0";"https://fu-berlin.sona-systems.com/";"0";"0";"-66";"0";"6658839,6669989,6658842,6658841,6669991,6674846,6670219,6669990,6658837";"1";"1";"0";"-77";"-77";"8010ccc3bff3ce046105acd6e22af721";"1";"0";"1687173887";"2023-06-19 11:24:47";"2023-06-19 11:27:15";"0000-00-00 00:00:00";"23";"0";"98";"126";"148";"138";"6658841"
"87";"0";"0";"33";"6658837";"-77";"117";"4576";"1";"7";"4";"6";"4";"5";"4";"5";"2";"-99";"22";"1";"Mozilla/5.0 (Windows NT 10.0; Win64; x64; rv:109.0) Gecko/20100101 Firefox/114.0";"https://fu-berlin.sona-systems.com/";"0";"0";"-66";"0";"6658839,6669989,6658842,6658841,6669991,6674846,6670219,6669990,6658837";"1";"1";"0";"-77";"-77";"56bbbe585a84845475c59b2886582073";"1";"0";"1687175959";"2023-06-19 11:59:19";"2023-06-19 12:01:16";"0000-00-00 00:00:00";"7";"0";"65";"98";"117";"105";"6658841"
"88";"0";"0";"33";"6658837";"-77";"86";"3997";"1";"7";"5";"6";"4";"6";"6";"5";"2";"-99";"20";"1";"Mozilla/5.0 (Windows NT 10.0; Win64; x64) AppleWebKit/537.36 (KHTML, like Gecko) Chrome/113.0.0.0 Safari/537.36 Edg/113.0.1774.42";"https://fu-berlin.sona-systems.com/";"0";"0";"-66";"0";"6658839,6669989,6658842,6658841,6669991,6674846,6670219,6669990,6658837";"1";"0";"0";"-77";"-77";"f60437d1c398695ab8867ad4abc87138";"1";"0";"1687177592";"2023-06-19 12:26:32";"2023-06-19 12:27:58";"0000-00-00 00:00:00";"10";"0";"37";"67";"86";"74";"6658841"
"89";"0";"0";"33";"6658837";"-77";"133";"3970";"1";"5";"4";"6";"3";"5";"3";"2";"2";"-99";"19";"1";"Mozilla/5.0 (Windows NT 10.0; Win64; x64; rv:109.0) Gecko/20100101 Firefox/114.0";"https://fu-berlin.sona-systems.com/";"0";"0";"-66";"0";"6658839,6669989,6658842,6658840,6669991,6674846,6670219,6669990,6658837";"0";"1";"0";"-77";"-77";"0c078d437709196b0a651ea0321b1db5";"1";"0";"1687178409";"2023-06-19 12:40:09";"2023-06-19 12:42:22";"0000-00-00 00:00:00";"19";"75";"0";"115";"133";"122";"6658840"
"90";"0";"0";"33";"6658837";"-77";"71";"3268";"1";"5";"4";"5";"3";"5";"4";"3";"2";"-99";"19";"1";"Mozilla/5.0 (Macintosh; Intel Mac OS X 10_15_7) AppleWebKit/605.1.15 (KHTML, like Gecko) Version/16.1 Safari/605.1.15";"https://fu-berlin.sona-systems.com/";"0";"0";"-66";"0";"6658839,6669989,6658842,6658840,6669991,6674846,6670219,6669990,6658837";"0";"1";"0";"-77";"-77";"88d426f7bbe8289d21fd5113ee81c01e";"1";"0";"1687181718";"2023-06-19 13:35:18";"2023-06-19 13:36:29";"0000-00-00 00:00:00";"8";"33";"0";"55";"71";"62";"6658840"
"91";"0";"0";"33";"6658837";"-77";"162";"-77";"1";"7";"7";"7";"4";"6";"6";"6";"2";"-99";"58";"1";"Mozilla/5.0 (Linux; Android 13; SAMSUNG SM-G780G) AppleWebKit/537.36 (KHTML, like Gecko) SamsungBrowser/21.0 Chrome/110.0.5481.154 Mobile Safari/537.36";"-99";"0";"0";"-66";"0";"6658839,6669989,6658842,6658841,6669991,6674846,6670219,6669990,6658837";"1";"0";"0";"-77";"-77";"7f86b516ebabadc8b8fa524d460dd05b";"1";"0";"1687181935";"2023-06-19 13:38:55";"2023-06-19 13:41:37";"0000-00-00 00:00:00";"18";"0";"51";"133";"162";"144";"6658841"
"92";"0";"0";"33";"6658837";"-77";"229";"3358";"1";"2";"2";"2";"2";"2";"2";"1";"2";"-99";"37";"1";"Mozilla/5.0 (Macintosh; Intel Mac OS X 10_15_7) AppleWebKit/537.36 (KHTML, like Gecko) Chrome/113.0.0.0 Safari/537.36";"https://fu-berlin.sona-systems.com/";"0";"0";"-66";"0";"6658839,6669989,6658842,6658840,6669991,6674846,6670219,6669990,6658837";"0";"0";"0";"-77";"-77";"0b984e8598e9eff25986e49b9f19571b";"1";"0";"1687182838";"2023-06-19 13:53:58";"2023-06-19 13:57:47";"0000-00-00 00:00:00";"47";"115";"0";"206";"229";"216";"6658840"
"93";"0";"0";"33";"6658837";"-77";"127";"-77";"1";"6";"4";"6";"4";"6";"4";"5";"1";"-99";"29";"1";"Mozilla/5.0 (Windows NT 10.0; Win64; x64; rv:109.0) Gecko/20100101 Firefox/114.0";"-99";"0";"0";"-66";"0";"6658839,6669989,6658842,6658841,6669991,6674846,6670219,6669990,6658837";"1";"1";"0";"-77";"-77";"befbd81253458e7cdef6a144cada8b6e";"1";"0";"1687183188";"2023-06-19 13:59:48";"2023-06-19 14:01:55";"0000-00-00 00:00:00";"6";"0";"82";"107";"127";"116";"6658841"
"94";"0";"0";"33";"6658837";"-77";"122";"4033";"1";"5";"3";"4";"4";"5";"3";"2";"2";"-99";"21";"1";"Mozilla/5.0 (Macintosh; Intel Mac OS X 10_15_7) AppleWebKit/605.1.15 (KHTML, like Gecko) Version/16.1 Safari/605.1.15";"https://fu-berlin.sona-systems.com/";"0";"0";"-66";"0";"6658839,6669989,6658842,6658840,6669991,6674846,6674846,6674846,6670219,6669990,6658837";"0";"1";"0";"-77";"-77";"c93a10fa47c897c17b2a4b28fcb17be7";"1";"0";"1687183698";"2023-06-19 14:08:18";"2023-06-19 14:10:20";"0000-00-00 00:00:00";"9";"38";"0";"86";"122";"107";"6658840"
"95";"0";"0";"33";"6658837";"-77";"130";"4096";"1";"5";"5";"6";"5";"7";"6";"4";"2";"-99";"24";"1";"Mozilla/5.0 (Macintosh; Intel Mac OS X 10_15_7) AppleWebKit/537.36 (KHTML, like Gecko) Chrome/113.0.0.0 Safari/537.36";"https://fu-berlin.sona-systems.com/";"0";"0";"-66";"0";"6658839,6669989,6658842,6658840,6669991,6674846,6670219,6669990,6658837";"1";"0";"0";"-77";"-77";"43b1f728170c3dd6238e5adad044b9b4";"1";"0";"1687184028";"2023-06-19 14:13:48";"2023-06-19 14:15:58";"0000-00-00 00:00:00";"51";"72";"0";"108";"130";"117";"6658840"
"96";"0";"0";"33";"6658837";"-77";"90";"3283";"1";"6";"4";"6";"3";"6";"4";"5";"2";"-99";"23";"1";"Mozilla/5.0 (Macintosh; Intel Mac OS X 10.15; rv:109.0) Gecko/20100101 Firefox/113.0";"https://fu-berlin.sona-systems.com/";"0";"0";"-66";"0";"6658839,6669989,6658842,6658840,6669991,6674846,6670219,6669990,6658837";"1";"1";"0";"-77";"-77";"9ec3dff815981628ae645a21ee813fda";"1";"0";"1687185263";"2023-06-19 14:34:23";"2023-06-19 14:35:53";"0000-00-00 00:00:00";"13";"44";"0";"75";"90";"80";"6658840"
"101";"0";"0";"33";"6658837";"-77";"115";"4885";"1";"5";"5";"5";"4";"5";"5";"6";"2";"-99";"22";"1";"Mozilla/5.0 (Windows NT 10.0; Win64; x64) AppleWebKit/537.36 (KHTML, like Gecko) Chrome/108.0.0.0 Safari/537.36";"https://fu-berlin.sona-systems.com/";"0";"0";"-66";"0";"6658839,6669989,6658842,6658841,6669991,6674846,6670219,6669990,6658837";"0";"1";"0";"-77";"-77";"d7374e4623690329792687513710046e";"1";"0";"1687185500";"2023-06-19 14:38:20";"2023-06-19 14:40:15";"0000-00-00 00:00:00";"17";"0";"46";"97";"115";"105";"6658841"
"104";"0";"0";"33";"6658837";"-77";"106";"4522";"1";"6";"5";"6";"5";"6";"6";"5";"2";"-99";"21";"1";"Mozilla/5.0 (Macintosh; Intel Mac OS X 10_15_7) AppleWebKit/537.36 (KHTML, like Gecko) Chrome/114.0.0.0 Safari/537.36";"https://fu-berlin.sona-systems.com/";"0";"0";"-66";"0";"6658839,6669989,6658842,6658841,6669991,6674846,6670219,6669990,6658837";"0";"0";"0";"-77";"-77";"76afe62d3be2741722c6faeab9a75856";"1";"0";"1687202700";"2023-06-19 19:25:00";"2023-06-19 19:26:46";"0000-00-00 00:00:00";"9";"0";"33";"83";"106";"91";"6658841"
"105";"0";"0";"33";"6658837";"-77";"228";"-77";"1";"6";"5";"5";"4";"5";"5";"3";"5";"Teammitlgied";"21";"1";"Mozilla/5.0 (iPhone; CPU iPhone OS 16_5 like Mac OS X) AppleWebKit/605.1.15 (KHTML, like Gecko) Version/16.5 Mobile/15E148 Safari/604.1";"-99";"0";"0";"-66";"0";"6658839,6669989,6658842,6658841,6669991,6674846,6670219,6669990,6658837";"1";"1";"0";"-77";"-77";"26870619f2e11f438070e372fad67266";"1";"0";"1687213187";"2023-06-19 22:19:47";"2023-06-19 22:23:35";"0000-00-00 00:00:00";"15";"0";"115";"152";"228";"175";"6658841"
"107";"0";"0";"33";"6658837";"-77";"187";"4672";"1";"6";"6";"6";"4";"6";"4";"3";"2";"-99";"25";"1";"Mozilla/5.0 (Windows NT 10.0; Win64; x64) AppleWebKit/537.36 (KHTML, like Gecko) Chrome/114.0.0.0 Safari/537.36 Edg/114.0.1823.43";"https://fu-berlin.sona-systems.com/";"0";"0";"-66";"0";"6658839,6669989,6658842,6658840,6669991,6674846,6670219,6669990,6658837";"1";"1";"0";"-77";"-77";"85f0f15d85a70a21456c45d203e447f5";"1";"0";"1687250062";"2023-06-20 08:34:22";"2023-06-20 08:37:29";"0000-00-00 00:00:00";"8";"137";"0";"165";"187";"177";"6658840"
"108";"0";"0";"33";"6658837";"-77";"183";"4813";"1";"5";"4";"5";"3";"4";"4";"3";"1";"-99";"23";"1";"Mozilla/5.0 (Windows NT 10.0; Win64; x64) AppleWebKit/537.36 (KHTML, like Gecko) Chrome/113.0.0.0 Safari/537.36 OPR/99.0.0.0";"https://fu-berlin.sona-systems.com/";"0";"0";"-66";"0";"6658839,6669989,6658842,6658841,6669991,6674846,6670219,6669990,6658837";"0";"0";"0";"-77";"-77";"eee27a12ae9179a3ff09d2d7186fb028";"1";"0";"1687250482";"2023-06-20 08:41:22";"2023-06-20 08:44:25";"0000-00-00 00:00:00";"69";"0";"107";"169";"183";"176";"6658841"
"109";"0";"0";"33";"6658837";"-77";"674";"3385";"1";"6";"5";"5";"4";"6";"4";"5";"2";"-99";"25";"1";"Mozilla/5.0 (Windows NT 10.0; Win64; x64; rv:109.0) Gecko/20100101 Firefox/114.0";"https://fu-berlin.sona-systems.com/";"0";"0";"-66";"0";"6658839,6669989,6658842,6658841,6669991,6674846,6670219,6669990,6658837";"1";"0";"0";"-77";"-77";"dd16ac2139ee0171f3c702f78363241c";"1";"0";"1687250837";"2023-06-20 08:47:17";"2023-06-20 08:58:31";"0000-00-00 00:00:00";"13";"0";"38";"86";"674";"663";"6658841"
"112";"0";"0";"33";"6658837";"-77";"127";"-77";"1";"5";"5";"5";"4";"5";"5";"3";"1";"-99";"63";"1";"Mozilla/5.0 (iPhone; CPU iPhone OS 16_5 like Mac OS X) AppleWebKit/605.1.15 (KHTML, like Gecko) FxiOS/114.2  Mobile/15E148 Safari/605.1.15";"-99";"0";"0";"-66";"0";"6658839,6669989,6658842,6658839,6658839,6658840,6669991,6674846,6670219,6669990,6658837";"0";"0";"0";"-77";"-77";"7ac86b40580e55a1335ec2b1a27efaf5";"1";"0";"1687251307";"2023-06-20 08:55:07";"2023-06-20 08:57:14";"0000-00-00 00:00:00";"9";"51";"0";"101";"127";"112";"6658840"
"114";"0";"0";"33";"6658837";"-77";"130";"3913";"1";"2";"2";"2";"4";"2";"2";"1";"2";"-99";"25";"1";"Mozilla/5.0 (Macintosh; Intel Mac OS X 10_15_7) AppleWebKit/537.36 (KHTML, like Gecko) Chrome/114.0.0.0 Safari/537.36";"https://fu-berlin.sona-systems.com/";"0";"0";"-66";"0";"6658839,6669989,6658842,6658840,6669989,6658842,6658840,6669991,6674846,6670219,6669990,6658837";"1";"0";"0";"-77";"-77";"4afa63e9c35604ddff415f2bc8953644";"1";"0";"1687252400";"2023-06-20 09:13:20";"2023-06-20 09:15:30";"0000-00-00 00:00:00";"21";"90";"0";"116";"130";"122";"6658840"
"120";"0";"0";"33";"6658837";"-77";"138";"4330";"1";"5";"6";"5";"4";"5";"6";"5";"2";"-99";"20";"1";"Mozilla/5.0 (Windows NT 10.0; Win64; x64) AppleWebKit/537.36 (KHTML, like Gecko) Chrome/114.0.0.0 Safari/537.36";"https://fu-berlin.sona-systems.com/";"0";"0";"-66";"0";"6658839,6669989,6658842,6658841,6669991,6674846,6670219,6669990,6658837";"0";"1";"0";"-77";"-77";"6559e754ebf6cf4bd7a188e880255037";"1";"0";"1687261876";"2023-06-20 11:51:16";"2023-06-20 11:53:34";"0000-00-00 00:00:00";"10";"0";"57";"111";"138";"126";"6658841"
"121";"0";"0";"33";"6658837";"-77";"126";"3967";"1";"3";"4";"3";"4";"3";"4";"1";"2";"-99";"26";"1";"Mozilla/5.0 (iPhone; CPU iPhone OS 16_3_1 like Mac OS X) AppleWebKit/605.1.15 (KHTML, like Gecko) Version/16.3 Mobile/15E148 Safari/604.1";"https://fu-berlin.sona-systems.com/";"0";"0";"-66";"0";"6658839,6669989,6658842,6658841,6669991,6674846,6670219,6669990,6658837";"1";"0";"0";"-77";"-77";"3d973e3bf02d18f2a920529c11ff4833";"1";"0";"1687263131";"2023-06-20 12:12:11";"2023-06-20 12:14:17";"0000-00-00 00:00:00";"12";"0";"54";"107";"126";"117";"6658841"
"122";"0";"0";"33";"6658837";"-77";"127";"-77";"1";"6";"6";"6";"4";"5";"4";"5";"2";"-99";"40";"1";"Mozilla/5.0 (Linux; Android 10; K) AppleWebKit/537.36 (KHTML, like Gecko) Chrome/114.0.0.0 Mobile Safari/537.36";"-99";"0";"0";"-66";"0";"6658839,6669989,6658842,6658841,6669991,6674846,6670219,6669990,6658837";"0";"0";"0";"-77";"-77";"99de9843f0f0acb78878bd43cb095124";"1";"0";"1687263561";"2023-06-20 12:19:21";"2023-06-20 12:21:28";"0000-00-00 00:00:00";"26";"0";"65";"101";"127";"112";"6658841"
"123";"0";"0";"33";"6658837";"-77";"408";"-77";"1";"6";"5";"6";"4";"5";"3";"1";"1";"-99";"59";"1";"Mozilla/5.0 (iPhone; CPU iPhone OS 16_1 like Mac OS X) AppleWebKit/605.1.15 (KHTML, like Gecko) Version/16.1 Mobile/15E148 Safari/604.1";"-99";"0";"0";"-66";"0";"6658839,6669989,6658842,6658840,6669991,6674846,6670219,6669990,6658837";"1";"0";"0";"-77";"-77";"e36f4ad03326c8cc57aaf37cd3756e08";"1";"0";"1687264625";"2023-06-20 12:37:05";"2023-06-20 12:43:53";"0000-00-00 00:00:00";"86";"280";"0";"371";"408";"390";"6658840"
"124";"0";"0";"33";"6658837";"-77";"145";"-77";"1";"6";"6";"6";"4";"6";"6";"2";"2";"-99";"39";"1";"Mozilla/5.0 (iPhone; CPU iPhone OS 16_5 like Mac OS X) AppleWebKit/605.1.15 (KHTML, like Gecko) Version/16.5 Mobile/15E148 Safari/604.1";"-99";"0";"0";"-66";"0";"6658839,6669989,6658842,6658840,6669991,6674846,6670219,6669990,6658837";"0";"1";"0";"-77";"-77";"3f6ecc4892cfa137e5f24ec5bb3bd475";"1";"0";"1687265629";"2023-06-20 12:53:49";"2023-06-20 12:56:14";"0000-00-00 00:00:00";"23";"61";"0";"124";"145";"132";"6658840"
"126";"0";"0";"33";"6658837";"-77";"103";"-77";"1";"6";"7";"6";"4";"7";"6";"5";"2";"-99";"19";"1";"Mozilla/5.0 (iPhone; CPU iPhone OS 16_5 like Mac OS X) AppleWebKit/605.1.15 (KHTML, like Gecko) Version/16.5 Mobile/15E148 Safari/604.1";"-99";"0";"0";"-66";"0";"6658839,6669989,6658842,6658841,6669991,6674846,6670219,6669990,6658837";"1";"1";"0";"-77";"-77";"e3b8c683379bcb45ab894765c70850dc";"1";"0";"1687266485";"2023-06-20 13:08:05";"2023-06-20 13:09:48";"0000-00-00 00:00:00";"18";"0";"43";"86";"103";"91";"6658841"
"127";"0";"0";"33";"6658837";"-77";"192";"-77";"1";"6";"5";"6";"4";"4";"6";"5";"1";"-99";"39";"1";"Mozilla/5.0 (X11; Ubuntu; Linux x86_64; rv:109.0) Gecko/20100101 Firefox/114.0";"-99";"0";"0";"-66";"0";"6658839,6669989,6658842,6658841,6669991,6674846,6670219,6669990,6658837";"1";"1";"0";"-77";"-77";"22443446f058836194383501eb0e6eac";"1";"0";"1687267046";"2023-06-20 13:17:26";"2023-06-20 13:20:38";"0000-00-00 00:00:00";"50";"0";"87";"168";"192";"178";"6658841"
"130";"0";"0";"33";"6658837";"-77";"183";"-77";"1";"7";"6";"7";"5";"6";"6";"5";"2";"-99";"50";"1";"Mozilla/5.0 (Linux; Android 12; SM-G973F) AppleWebKit/537.36 (KHTML, like Gecko) Chrome/101.0.4951.41 Mobile Safari/537.36 (Ecosia android@101.0.4951.41)";"-99";"0";"0";"-66";"0";"6658839,6669989,6658842,6658840,6669991,6669991,6674846,6670219,6669990,6658837";"0";"1";"0";"-77";"-77";"d9dc75d8a202a5ce873a69df49bd6d8e";"1";"0";"1687269503";"2023-06-20 13:58:23";"2023-06-20 14:01:26";"0000-00-00 00:00:00";"18";"92";"0";"152";"183";"168";"6658840"
"131";"0";"0";"33";"6658837";"-77";"89";"4300";"1";"4";"5";"5";"3";"3";"3";"2";"2";"-99";"23";"2";"Mozilla/5.0 (Windows NT 10.0; Win64; x64; rv:109.0) Gecko/20100101 Firefox/114.0";"https://fu-berlin.sona-systems.com/";"0";"0";"-66";"0";"6658839,6669989,6658842,6658840,6669991,6674846,6670219,6669990,6658837";"1";"1";"0";"-77";"-77";"5a32799f4074dd6fb62855381e0ba932";"1";"0";"1687269862";"2023-06-20 14:04:22";"2023-06-20 14:05:51";"0000-00-00 00:00:00";"7";"32";"0";"63";"89";"74";"6658840"
"134";"0";"0";"33";"6658837";"-77";"149";"-77";"1";"5";"6";"6";"6";"7";"6";"3";"1";"-99";"42";"1";"Mozilla/5.0 (iPhone; CPU iPhone OS 16_5 like Mac OS X) AppleWebKit/605.1.15 (KHTML, like Gecko) Version/16.5 Mobile/15E148 Safari/604.1";"-99";"0";"0";"-66";"0";"6658839,6669989,6658842,6658841,6669991,6674846,6670219,6669990,6658837";"1";"0";"0";"-77";"-77";"71845b12224595bc9362fb5e8ddc547d";"1";"0";"1687273374";"2023-06-20 15:02:54";"2023-06-20 15:05:23";"0000-00-00 00:00:00";"31";"0";"61";"122";"149";"130";"6658841"
"136";"0";"0";"33";"6658837";"-77";"110";"-77";"1";"5";"6";"5";"5";"5";"5";"3";"2";"-99";"28";"2";"Mozilla/5.0 (iPhone; CPU iPhone OS 16_5 like Mac OS X) AppleWebKit/605.1.15 (KHTML, like Gecko) Version/16.5 Mobile/15E148 Safari/604.1";"-99";"0";"0";"-66";"0";"6658839,6669989,6658842,6658841,6669991,6674846,6670219,6669990,6658837";"0";"1";"0";"-77";"-77";"9f70f54051db5000ad3b5dd5d0fd45e3";"1";"0";"1687275274";"2023-06-20 15:34:34";"2023-06-20 15:36:24";"0000-00-00 00:00:00";"18";"0";"39";"91";"110";"99";"6658841"
"137";"0";"0";"33";"6658837";"-77";"155";"-77";"1";"3";"4";"3";"2";"3";"3";"2";"1";"-99";"38";"1";"Mozilla/5.0 (Linux; Android 10; K) AppleWebKit/537.36 (KHTML, like Gecko) Chrome/114.0.0.0 Mobile Safari/537.36";"-99";"0";"0";"-66";"0";"6658839,6669989,6658842,6658841,6669991,6674846,6670219,6669990,6658837";"0";"1";"0";"-77";"-77";"7b1d0fc8cf8c674d4a53bf2223186ac2";"1";"0";"1687277314";"2023-06-20 16:08:34";"2023-06-20 16:11:09";"0000-00-00 00:00:00";"9";"0";"46";"122";"155";"142";"6658841"
"138";"0";"0";"33";"6658837";"-77";"150";"-77";"1";"7";"7";"7";"7";"7";"7";"4";"2";"-99";"36";"1";"Mozilla/5.0 (iPhone; CPU iPhone OS 16_5 like Mac OS X) AppleWebKit/605.1.15 (KHTML, like Gecko) Version/16.5 Mobile/15E148 Safari/604.1";"-99";"0";"0";"-66";"0";"6658839,6669989,6658842,6658840,6669991,6674846,6670219,6669990,6658837";"0";"1";"0";"-77";"-77";"86d99592002ed1863d14681d0ddfe5e0";"1";"0";"1687283586";"2023-06-20 17:53:06";"2023-06-20 17:55:36";"0000-00-00 00:00:00";"33";"106";"0";"126";"150";"137";"6658840"
"139";"0";"0";"33";"6658837";"-77";"374";"-77";"1";"5";"4";"6";"3";"6";"4";"4";"2";"-99";"36";"1";"Mozilla/5.0 (Linux; Android 12; SAMSUNG SM-M526BR) AppleWebKit/537.36 (KHTML, like Gecko) SamsungBrowser/21.0 Chrome/110.0.5481.154 Mobile Safari/537.36";"-99";"0";"0";"-66";"0";"6658839,6669989,6658842,6658841,6669991,6674846,6670219,6669990,6658837";"1";"0";"0";"-77";"-77";"0e3c72eb5671d99ba082addd5ce905fa";"1";"0";"1687283906";"2023-06-20 17:58:26";"2023-06-20 18:04:40";"0000-00-00 00:00:00";"93";"0";"161";"314";"374";"349";"6658841"
"141";"0";"0";"33";"6658837";"-77";"135";"-77";"1";"4";"4";"4";"4";"4";"3";"1";"2";"-99";"63";"1";"Mozilla/5.0 (iPhone; CPU iPhone OS 16_5 like Mac OS X) AppleWebKit/605.1.15 (KHTML, like Gecko) Version/16.5 Mobile/15E148 Safari/604.1";"-99";"0";"0";"-66";"0";"6658839,6669989,6658842,6658840,6669991,6674846,6670219,6669990,6658837";"0";"0";"0";"-77";"-77";"cd2f9f1b0affa552645907ee33447c01";"1";"0";"1687291362";"2023-06-20 20:02:42";"2023-06-20 20:04:57";"0000-00-00 00:00:00";"20";"51";"0";"109";"135";"118";"6658840"
"142";"0";"0";"33";"6658837";"-77";"167";"4084";"1";"6";"6";"6";"6";"6";"7";"5";"2";"-99";"19";"1";"Mozilla/5.0 (Windows NT 10.0; Win64; x64; rv:109.0) Gecko/20100101 Firefox/114.0";"https://fu-berlin.sona-systems.com/";"0";"0";"-66";"0";"6658839,6669989,6658842,6658840,6669991,6674846,6670219,6669990,6658837";"0";"0";"0";"-77";"-77";"bdb34315f698c0b63b7f4224bb87d931";"1";"0";"1687294477";"2023-06-20 20:54:37";"2023-06-20 20:57:24";"0000-00-00 00:00:00";"17";"73";"0";"128";"167";"141";"6658840"
"146";"0";"0";"33";"6658837";"-77";"595";"-77";"1";"6";"4";"6";"4";"6";"4";"5";"2";"-99";"48";"1";"Mozilla/5.0 (Macintosh; Intel Mac OS X 10.15; rv:109.0) Gecko/20100101 Firefox/114.0";"-99";"0";"0";"-66";"0";"6658839,6669989,6658842,6658841,6669991,6669991,6669991,6669991,6674846,6670219,6669990,6658837";"1";"1";"0";"-77";"-77";"c1fea35ea31c9f34ef923d4f32a051d2";"1";"0";"1687327871";"2023-06-21 06:11:11";"2023-06-21 06:21:06";"0000-00-00 00:00:00";"107";"0";"503";"569";"595";"582";"6658841"
"147";"0";"0";"33";"6658837";"-77";"124";"-77";"1";"6";"5";"6";"5";"6";"6";"3";"2";"-99";"35";"1";"Mozilla/5.0 (iPhone; CPU iPhone OS 15_7_6 like Mac OS X) AppleWebKit/605.1.15 (KHTML, like Gecko) Version/15.6.4 Mobile/15E148 Safari/604.1";"-99";"0";"0";"-66";"0";"6658839,6669989,6658842,6658840,6669991,6674846,6670219,6669990,6658837";"1";"0";"0";"-77";"-77";"89eac9fced1599289235aefbc12171d9";"1";"0";"1687328982";"2023-06-21 06:29:42";"2023-06-21 06:31:46";"0000-00-00 00:00:00";"12";"47";"0";"106";"124";"115";"6658840"
"148";"0";"0";"33";"6658837";"-77";"191";"5134";"1";"4";"2";"3";"1";"2";"2";"4";"2";"-99";"22";"1";"Mozilla/5.0 (Windows NT 10.0; Win64; x64) AppleWebKit/537.36 (KHTML, like Gecko) Chrome/114.0.0.0 Safari/537.36";"https://fu-berlin.sona-systems.com/";"0";"0";"-66";"0";"6658839,6669989,6658842,6658841,6669991,6674846,6670219,6669990,6658837";"0";"1";"0";"-77";"-77";"c2ab7c67ed0022b2082e52d7f16b053e";"1";"0";"1687331338";"2023-06-21 07:08:58";"2023-06-21 07:12:09";"0000-00-00 00:00:00";"77";"0";"116";"164";"191";"175";"6658841"
"150";"0";"0";"33";"6658837";"-77";"99";"5122";"1";"5";"6";"6";"4";"5";"6";"5";"2";"-99";"23";"1";"Mozilla/5.0 (Macintosh; Intel Mac OS X 10_15_7) AppleWebKit/605.1.15 (KHTML, like Gecko) Version/16.5 Safari/605.1.15";"https://fu-berlin.sona-systems.com/";"0";"0";"-66";"0";"6658839,6669989,6658842,6658841,6669991,6674846,6670219,6669990,6658837";"0";"0";"0";"-77";"-77";"52731b4135dc541a12e15523868ffb27";"1";"0";"1687336539";"2023-06-21 08:35:39";"2023-06-21 08:37:18";"0000-00-00 00:00:00";"16";"0";"54";"80";"99";"88";"6658841"
"151";"0";"0";"33";"6658837";"-77";"128";"4297";"1";"5";"4";"5";"2";"4";"3";"1";"2";"-99";"21";"1";"Mozilla/5.0 (Windows NT 10.0; Win64; x64; rv:109.0) Gecko/20100101 Firefox/114.0";"https://fu-berlin.sona-systems.com/";"0";"0";"-66";"0";"6658839,6669989,6658842,6658840,6669991,6674846,6670219,6669990,6658837";"1";"0";"0";"-77";"-77";"1f0a13e5b869e7af2bb778376d4a01ec";"1";"0";"1687342888";"2023-06-21 10:21:28";"2023-06-21 10:23:36";"0000-00-00 00:00:00";"18";"81";"0";"106";"128";"116";"6658840"
"152";"0";"0";"33";"6658837";"-77";"136";"5026";"1";"6";"6";"5";"6";"5";"6";"5";"2";"-99";"22";"1";"Mozilla/5.0 (Windows NT 10.0; Win64; x64) AppleWebKit/537.36 (KHTML, like Gecko) Chrome/114.0.0.0 Safari/537.36";"https://fu-berlin.sona-systems.com/";"0";"0";"-66";"0";"6658839,6669989,6658842,6658841,6669991,6674846,6670219,6669990,6658837";"0";"0";"0";"-77";"-77";"155a19e748f65870ed8b5e43c8cb4862";"1";"0";"1687343995";"2023-06-21 10:39:55";"2023-06-21 10:42:11";"0000-00-00 00:00:00";"34";"0";"73";"116";"136";"125";"6658841"
"153";"0";"0";"33";"6658837";"-77";"93";"4225";"1";"7";"4";"7";"4";"6";"4";"2";"3";"-99";"23";"2";"Mozilla/5.0 (Windows NT 10.0; Win64; x64; rv:109.0) Gecko/20100101 Firefox/114.0";"https://fu-berlin.sona-systems.com/";"0";"0";"-66";"0";"6658839,6669989,6658842,6658840,6669991,6674846,6670219,6669990,6658837";"1";"1";"0";"-77";"-77";"7d515f40fc8a13145f7444779fd03de1";"1";"0";"1687348776";"2023-06-21 11:59:36";"2023-06-21 12:01:09";"0000-00-00 00:00:00";"14";"43";"0";"79";"93";"85";"6658840"
"154";"0";"0";"33";"6658837";"-77";"1367";"3919";"1";"5";"4";"5";"3";"3";"4";"5";"2";"-99";"23";"1";"Mozilla/5.0 (Macintosh; Intel Mac OS X 10_15_7) AppleWebKit/605.1.15 (KHTML, like Gecko) Version/16.2 Safari/605.1.15";"https://fu-berlin.sona-systems.com/";"0";"0";"-66";"0";"6658839,6669989,6658842,6658841,6658841,6658841,6669991,6674846,6670219,6669990,6658837";"0";"0";"0";"-77";"-77";"1791f40a2d6a0dddf4bbce7a67b9cfc0";"1";"0";"1687349537";"2023-06-21 12:12:17";"2023-06-21 12:35:04";"0000-00-00 00:00:00";"8";"0";"1315";"1350";"1367";"1357";"6658841"
"155";"0";"0";"33";"6658837";"-77";"160";"-77";"1";"6";"6";"6";"5";"6";"6";"4";"2";"-99";"32";"1";"Mozilla/5.0 (iPhone; CPU iPhone OS 16_3_1 like Mac OS X) AppleWebKit/605.1.15 (KHTML, like Gecko) Version/16.3 Mobile/15E148 Safari/604.1";"-99";"0";"0";"-66";"0";"6658839,6669989,6658842,6658840,6669991,6674846,6670219,6669990,6658837";"0";"1";"0";"-77";"-77";"06859c7b11327226e1ea187e8567df4e";"1";"0";"1687350010";"2023-06-21 12:20:10";"2023-06-21 12:22:50";"0000-00-00 00:00:00";"12";"47";"0";"135";"160";"146";"6658840"
"156";"0";"0";"33";"6658837";"-77";"131";"5092";"1";"6";"4";"7";"4";"6";"4";"6";"2";"-99";"38";"1";"Mozilla/5.0 (Windows NT 10.0; Win64; x64) AppleWebKit/537.36 (KHTML, like Gecko) Chrome/114.0.0.0 Safari/537.36";"https://fu-berlin.sona-systems.com/";"0";"0";"-66";"0";"6658839,6669989,6658842,6658841,6669991,6674846,6670219,6669990,6658837";"1";"0";"0";"-77";"-77";"750a35fd9d66dbd08933799938678592";"1";"0";"1687350307";"2023-06-21 12:25:07";"2023-06-21 12:27:18";"0000-00-00 00:00:00";"11";"0";"50";"110";"131";"121";"6658841"
"157";"0";"0";"33";"6658837";"-77";"72";"4852";"1";"5";"5";"5";"4";"5";"5";"6";"2";"-99";"18";"2";"Mozilla/5.0 (Macintosh; Intel Mac OS X 10_15_6) AppleWebKit/605.1.15 (KHTML, like Gecko) Version/14.1.2 Safari/605.1.15";"https://fu-berlin.sona-systems.com/progress.aspx";"0";"0";"-66";"0";"6658839,6669989,6658842,6658841,6669991,6674846,6670219,6669990,6658837";"1";"0";"0";"-77";"-77";"04aa4f053198e25416076a44046f0815";"1";"0";"1687351472";"2023-06-21 12:44:32";"2023-06-21 12:45:44";"0000-00-00 00:00:00";"6";"0";"30";"59";"72";"64";"6658841"
"159";"0";"0";"33";"6658837";"-77";"145";"4792";"1";"5";"5";"5";"3";"4";"4";"2";"2";"-99";"27";"1";"Mozilla/5.0 (Macintosh; Intel Mac OS X 10_15_7) AppleWebKit/537.36 (KHTML, like Gecko) Chrome/114.0.0.0 Safari/537.36";"https://fu-berlin.sona-systems.com/";"0";"0";"-66";"0";"6658839,6669989,6658842,6658840,6669991,6674846,6670219,6669990,6658837";"0";"0";"0";"-77";"-77";"1ecafd15e32e57d23ae821ee2ffd9919";"1";"0";"1687354544";"2023-06-21 13:35:44";"2023-06-21 13:38:09";"0000-00-00 00:00:00";"13";"75";"0";"120";"145";"128";"6658840"
"198";"0";"0";"33";"6658837";"-77";"183";"4645";"1";"3";"5";"3";"3";"3";"5";"5";"2";"-99";"23";"1";"Mozilla/5.0 (Windows NT 10.0; Win64; x64) AppleWebKit/537.36 (KHTML, like Gecko) Chrome/113.0.0.0 Safari/537.36 Edg/113.0.1774.50";"https://fu-berlin.sona-systems.com/";"0";"0";"-66";"0";"6658839,6669989,6658842,6658841,6669991,6674846,6670219,6669990,6658837";"1";"0";"0";"-77";"-77";"6d1384abdbbe097f1ff99e17e7b8f5b5";"1";"0";"1687360364";"2023-06-21 15:12:44";"2023-06-21 15:15:47";"0000-00-00 00:00:00";"22";"0";"101";"157";"183";"168";"6658841"
"199";"0";"0";"33";"6658837";"-77";"116";"-77";"1";"7";"6";"7";"5";"7";"6";"7";"2";"-99";"24";"1";"Mozilla/5.0 (iPhone; CPU iPhone OS 16_5 like Mac OS X) AppleWebKit/605.1.15 (KHTML, like Gecko) Mobile/20F66 [FBAN/FBIOS;FBDV/iPhone14,4;FBMD/iPhone;FBSN/iOS;FBSV/16.5;FBSS/3;FBID/phone;FBLC/de_DE;FBOP/5]";"http://m.facebook.com";"0";"0";"-66";"0";"6658839,6669989,6658842,6658841,6669991,6674846,6670219,6669990,6658837";"0";"0";"0";"-77";"-77";"37000a9f04771c500350d412e2d1e7c3";"1";"0";"1687364646";"2023-06-21 16:24:06";"2023-06-21 16:26:02";"0000-00-00 00:00:00";"30";"0";"63";"97";"116";"108";"6658841"
"201";"0";"0";"33";"6658837";"-77";"99";"-77";"1";"6";"6";"6";"6";"6";"6";"6";"1";"-99";"41";"1";"Mozilla/5.0 (iPhone; CPU iPhone OS 16_2 like Mac OS X) AppleWebKit/605.1.15 (KHTML, like Gecko) Version/16.2 Mobile/15E148 Safari/604.1";"-99";"0";"0";"-66";"0";"6658839,6669989,6658842,6658841,6669991,6674846,6670219,6669990,6658837";"0";"1";"0";"-77";"-77";"cdefa5a710d134032fe5f5839b14a33f";"1";"0";"1687367064";"2023-06-21 17:04:24";"2023-06-21 17:06:03";"0000-00-00 00:00:00";"17";"0";"48";"80";"99";"87";"6658841"
"205";"0";"0";"33";"6658837";"-77";"204";"-77";"1";"6";"5";"6";"5";"6";"5";"5";"1";"-99";"38";"1";"Mozilla/5.0 (X11; Linux x86_64) AppleWebKit/537.36 (KHTML, like Gecko) Chrome/114.0.0.0 Safari/537.36";"https://l.facebook.com/";"0";"0";"-66";"0";"6658839,6669989,6658842,6658841,6669991,6674846,6670219,6669990,6658837";"0";"0";"0";"-77";"-77";"c89cf3e19c23fa976417cb13c24b663f";"1";"0";"1687367673";"2023-06-21 17:14:33";"2023-06-21 17:17:57";"0000-00-00 00:00:00";"7";"0";"104";"176";"204";"193";"6658841"
"206";"0";"0";"33";"6658837";"-77";"134";"-77";"1";"4";"6";"5";"6";"5";"6";"5";"2";"-99";"50";"1";"Mozilla/5.0 (Linux; Android 10; K) AppleWebKit/537.36 (KHTML, like Gecko) Chrome/112.0.0.0 Mobile Safari/537.36";"-99";"0";"0";"-66";"0";"6658839,6669989,6658842,6658841,6669991,6674846,6670219,6669990,6658837";"0";"0";"0";"-77";"-77";"159922e947bb47eb280643b847a5dfe5";"1";"0";"1687370243";"2023-06-21 17:57:23";"2023-06-21 17:59:37";"0000-00-00 00:00:00";"16";"0";"59";"97";"134";"123";"6658841"
"208";"0";"0";"33";"6658837";"-77";"167";"-77";"1";"3";"2";"3";"2";"2";"4";"4";"2";"-99";"47";"1";"Mozilla/5.0 (iPhone; CPU iPhone OS 16_4_1 like Mac OS X) AppleWebKit/605.1.15 (KHTML, like Gecko) Version/16.4 Mobile/15E148 Safari/604.1";"-99";"0";"0";"-66";"0";"6658839,6669989,6658842,6658841,6669991,6669991,6674846,6670219,6669990,6658837";"0";"1";"0";"-77";"-77";"2c194527ccd8b3db1d832e53a2b604ea";"1";"0";"1687372343";"2023-06-21 18:32:23";"2023-06-21 18:35:10";"0000-00-00 00:00:00";"31";"0";"91";"140";"167";"150";"6658841"
"209";"0";"0";"33";"6658837";"-77";"209";"-77";"1";"6";"4";"6";"4";"6";"6";"3";"2";"-99";"50";"1";"Mozilla/5.0 (iPhone; CPU iPhone OS 16_5 like Mac OS X) AppleWebKit/605.1.15 (KHTML, like Gecko) Version/16.5 Mobile/15E148 Safari/604.1";"-99";"0";"0";"-66";"0";"6658839,6669989,6658842,6658840,6669991,6674846,6670219,6669990,6658837";"1";"0";"0";"-77";"-77";"beb606c7b6f279e9b15809b63f0b4c58";"1";"0";"1687373008";"2023-06-21 18:43:28";"2023-06-21 18:46:57";"0000-00-00 00:00:00";"13";"48";"0";"146";"209";"179";"6658840"
"210";"0";"0";"33";"6658837";"-77";"296";"-77";"1";"6";"6";"6";"5";"6";"6";"6";"2";"-99";"42";"1";"Mozilla/5.0 (iPhone; CPU iPhone OS 16_5 like Mac OS X) AppleWebKit/605.1.15 (KHTML, like Gecko) Version/16.5 Mobile/15E148 Safari/604.1";"-99";"0";"0";"-66";"0";"6658839,6669989,6658842,6658841,6669991,6674846,6670219,6669990,6658837";"0";"0";"0";"-77";"-77";"04aa82089bc61b22a4b15bc980900969";"1";"0";"1687373480";"2023-06-21 18:51:20";"2023-06-21 18:56:16";"0000-00-00 00:00:00";"18";"0";"114";"261";"296";"279";"6658841"
"211";"0";"0";"32";"6658837";"-77";"-1";"-77";"1";"5";"6";"6";"4";"5";"3";"3";"2";"-99";"43";"1";"Mozilla/5.0 (iPhone; CPU iPhone OS 16_5 like Mac OS X) AppleWebKit/605.1.15 (KHTML, like Gecko) Version/16.5 Mobile/15E148 Safari/604.1";"-99";"0";"0";"-66";"0";"6658839,6669989,6658842,6658841,6669991,6658841,6658841,6658841,6658841,6669991,6674846,6670219,6669990,6658837";"0";"0";"0";"-77";"-77";"d65710af569a5eddd22dcccdc2e97aa5";"1";"0";"1687374242";"2023-06-21 19:04:02";"2023-07-01 08:59:45";"0000-00-00 00:00:00";"13";"0";"827675";"827717";"827743";"827730";"6658841"
"212";"0";"0";"33";"6658837";"-77";"139";"-77";"1";"6";"5";"5";"3";"5";"5";"7";"2";"-99";"59";"1";"Mozilla/5.0 (iPhone; CPU iPhone OS 16_5 like Mac OS X) AppleWebKit/605.1.15 (KHTML, like Gecko) Version/16.5 Mobile/15E148 Safari/604.1";"-99";"0";"0";"-66";"0";"6658839,6669989,6658842,6658841,6669991,6674846,6670219,6669990,6658837";"0";"1";"0";"-77";"-77";"a9bb6f756ef84ad106efe5c591294c2c";"1";"0";"1687374699";"2023-06-21 19:11:39";"2023-06-21 19:13:58";"0000-00-00 00:00:00";"20";"0";"55";"119";"139";"129";"6658841"
"220";"0";"0";"33";"6658837";"-77";"285";"-77";"1";"5";"2";"6";"4";"6";"3";"1";"2";"-99";"50";"1";"Mozilla/5.0 (Linux; U; Android 11; en-gb; Redmi Note 9 Pro Build/RKQ1.200826.002) AppleWebKit/537.36 (KHTML, like Gecko) Version/4.0 Chrome/100.0.4896.127 Mobile Safari/537.36 XiaoMi/MiuiBrowser/13.30.1-gn";"-99";"0";"0";"-66";"0";"6658839,6669989,6658842,6658840,6669991,6669991,6674846,6670219,6669990,6658837";"0";"0";"0";"-77";"-77";"34e76cdc8295a7d6644d76ea8f3d5277";"1";"0";"1687379618";"2023-06-21 20:33:38";"2023-06-21 20:38:23";"0000-00-00 00:00:00";"37";"161";"0";"260";"285";"270";"6658840"
"221";"0";"0";"33";"6658837";"-77";"515";"-77";"1";"3";"5";"3";"6";"3";"5";"2";"2";"-99";"33";"1";"Mozilla/5.0 (Linux; Android 10; K) AppleWebKit/537.36 (KHTML, like Gecko) Chrome/114.0.0.0 Mobile Safari/537.36";"-99";"0";"0";"-66";"0";"6658839,6669989,6658842,6658840,6669991,6674846,6670219,6669990,6658837";"0";"1";"0";"-77";"-77";"ca7710c99b2f161db696e9280b6b635e";"1";"0";"1687380526";"2023-06-21 20:48:46";"2023-06-21 20:57:21";"0000-00-00 00:00:00";"87";"254";"0";"468";"515";"489";"6658840"
"247";"0";"0";"33";"6658837";"-77";"505";"-77";"1";"4";"5";"5";"3";"5";"5";"2";"1";"-99";"33";"1";"Mozilla/5.0 (Windows NT 10.0; Win64; x64) AppleWebKit/537.36 (KHTML, like Gecko) Chrome/114.0.0.0 Safari/537.36";"-99";"0";"0";"-66";"0";"6658839,6669989,6658842,6658841,6669991,6674846,6670219,6669990,6658837";"0";"0";"0";"-77";"-77";"1bde7f612b3961485ff74769ccbc59ef";"1";"0";"1687425215";"2023-06-22 09:13:35";"2023-06-22 09:22:00";"0000-00-00 00:00:00";"339";"0";"388";"459";"505";"480";"6658841"
"249";"0";"0";"33";"6658837";"-77";"77";"-77";"1";"3";"5";"3";"5";"3";"5";"1";"2";"-99";"24";"1";"Mozilla/5.0 (Linux; Android 9; EML-L29) AppleWebKit/537.36 (KHTML, like Gecko) Chrome/99.0.4844.58 Mobile Safari/537.36";"-99";"0";"0";"-66";"0";"6658839,6669989,6658842,6658840,6669991,6674846,6670219,6669990,6658837";"0";"0";"0";"-77";"-77";"f625c17154bf2629350fa1e2fe2b7c04";"1";"0";"1687417984";"2023-06-22 07:13:04";"2023-06-22 07:14:21";"0000-00-00 00:00:00";"6";"28";"0";"61";"77";"67";"6658840"
"250";"0";"0";"33";"6658837";"-77";"268";"-77";"1";"6";"6";"6";"4";"2";"2";"6";"2";"-99";"55";"1";"Mozilla/5.0 (Windows NT 10.0; Win64; x64) AppleWebKit/537.36 (KHTML, like Gecko) Chrome/114.0.0.0 Safari/537.36 Edg/114.0.1823.51";"-99";"0";"0";"-66";"0";"6658839,6669989,6658842,6658840,6669991,6674846,6670219,6669990,6658837";"0";"0";"0";"-77";"-77";"2468fbce3ac438e01ce670d1705c075a";"1";"0";"1687419447";"2023-06-22 07:37:27";"2023-06-22 07:41:55";"0000-00-00 00:00:00";"33";"82";"0";"227";"268";"248";"6658840"
"252";"0";"0";"33";"6658837";"-77";"350";"4900";"1";"5";"5";"5";"4";"5";"4";"5";"2";"-99";"33";"1";"Mozilla/5.0 (Windows NT 10.0; Win64; x64) AppleWebKit/537.36 (KHTML, like Gecko) Chrome/114.0.0.0 Safari/537.36 Edg/114.0.1823.43";"https://fu-berlin.sona-systems.com/";"0";"0";"-66";"0";"6658839,6669989,6658842,6658841,6669991,6674846,6670219,6669990,6658837";"1";"1";"0";"-77";"-77";"f08c3cdde65df0dcd0c5ed435be8e887";"1";"0";"1687421059";"2023-06-22 08:04:19";"2023-06-22 08:10:09";"0000-00-00 00:00:00";"166";"0";"226";"323";"350";"334";"6658841"
"253";"0";"0";"33";"6658837";"-77";"76";"3451";"1";"4";"5";"4";"4";"4";"4";"5";"2";"-99";"23";"1";"Mozilla/5.0 (Windows NT 10.0; Win64; x64; rv:109.0) Gecko/20100101 Firefox/114.0";"https://fu-berlin.sona-systems.com/";"0";"0";"-66";"0";"6658839,6669989,6658842,6658841,6669991,6674846,6670219,6669990,6658837";"1";"0";"0";"-77";"-77";"b6ae6c9e3906c2c4f28db8017264a1ed";"1";"0";"1687421272";"2023-06-22 08:07:52";"2023-06-22 08:09:08";"0000-00-00 00:00:00";"9";"0";"30";"55";"76";"67";"6658841"
"254";"0";"0";"33";"6658837";"-77";"158";"-77";"1";"6";"6";"5";"4";"5";"3";"4";"2";"-99";"55";"1";"Mozilla/5.0 (Linux; Android 10; K) AppleWebKit/537.36 (KHTML, like Gecko) Chrome/114.0.0.0 Mobile Safari/537.36";"-99";"0";"0";"-66";"0";"6658839,6669989,6658842,6658840,6669991,6674846,6670219,6669990,6658837";"0";"0";"0";"-77";"-77";"39ae6f7ea1490dffc17244a43f0edd30";"1";"0";"1687422433";"2023-06-22 08:27:13";"2023-06-22 08:29:51";"0000-00-00 00:00:00";"49";"83";"0";"136";"158";"144";"6658840"
"255";"0";"0";"33";"6658837";"-77";"76";"4969";"1";"4";"4";"5";"2";"5";"5";"3";"2";"-99";"24";"1";"Mozilla/5.0 (Windows NT 10.0; Win64; x64) AppleWebKit/537.36 (KHTML, like Gecko) Chrome/114.0.0.0 Safari/537.36 Edg/114.0.1823.51";"https://fu-berlin.sona-systems.com/";"0";"0";"-66";"0";"6658839,6669989,6658842,6658840,6669991,6674846,6670219,6669990,6658837";"1";"1";"0";"-77";"-77";"0d00d9294eb8137460016e9af06d3b2f";"1";"0";"1687424681";"2023-06-22 09:04:41";"2023-06-22 09:05:57";"0000-00-00 00:00:00";"5";"29";"0";"56";"76";"62";"6658840"
"256";"0";"0";"33";"6658837";"-77";"118";"-77";"1";"6";"6";"6";"4";"6";"6";"6";"2";"-99";"26";"1";"Mozilla/5.0 (iPhone; CPU iPhone OS 16_5 like Mac OS X) AppleWebKit/605.1.15 (KHTML, like Gecko) Version/16.5 Mobile/15E148 Safari/604.1";"-99";"0";"0";"-66";"0";"6658839,6669989,6658842,6658841,6669991,6674846,6670219,6669990,6658837";"1";"1";"0";"-77";"-77";"ee1358afeed085acf9cb552211d52416";"1";"0";"1687425129";"2023-06-22 09:12:09";"2023-06-22 09:14:07";"0000-00-00 00:00:00";"16";"0";"58";"100";"118";"109";"6658841"
"257";"0";"0";"33";"6658837";"-77";"59";"3853";"1";"6";"3";"5";"4";"6";"3";"2";"2";"-99";"21";"1";"Mozilla/5.0 (Macintosh; Intel Mac OS X 10_15_7) AppleWebKit/605.1.15 (KHTML, like Gecko) Version/16.1 Safari/605.1.15";"https://fu-berlin.sona-systems.com/";"0";"0";"-66";"0";"6658839,6669989,6658842,6658840,6669991,6674846,6670219,6669990,6658837";"0";"0";"0";"-77";"-77";"bc07180d78b7ba4c50df42a31d7e402c";"1";"0";"1687425579";"2023-06-22 09:19:39";"2023-06-22 09:20:38";"0000-00-00 00:00:00";"6";"28";"0";"47";"59";"52";"6658840"
"258";"0";"0";"33";"6658837";"-77";"104";"3682";"1";"6";"6";"5";"4";"6";"5";"5";"2";"-99";"19";"1";"Mozilla/5.0 (Macintosh; Intel Mac OS X 10_15_7) AppleWebKit/537.36 (KHTML, like Gecko) Chrome/114.0.0.0 Safari/537.36";"https://fu-berlin.sona-systems.com/";"0";"0";"-66";"0";"6658839,6669989,6658842,6658841,6669991,6674846,6670219,6669990,6658837";"1";"0";"0";"-77";"-77";"51f947bd30af1498b5dc5bfab1aae4c2";"1";"0";"1687427355";"2023-06-22 09:49:15";"2023-06-22 09:50:59";"0000-00-00 00:00:00";"18";"0";"57";"86";"104";"94";"6658841"
"259";"0";"0";"33";"6658837";"-77";"152";"4252";"1";"5";"4";"5";"3";"3";"4";"2";"2";"-99";"22";"1";"Mozilla/5.0 (Macintosh; Intel Mac OS X 10_11_6) AppleWebKit/537.36 (KHTML, like Gecko) Chrome/103.0.0.0 Safari/537.36";"https://fu-berlin.sona-systems.com/";"0";"0";"-66";"0";"6658839,6669989,6658842,6658840,6669991,6674846,6670219,6669990,6658837";"0";"0";"0";"-77";"-77";"41c3eac56498a54de116704ad75ce0d0";"1";"0";"1687430550";"2023-06-22 10:42:30";"2023-06-22 10:45:02";"0000-00-00 00:00:00";"16";"48";"0";"124";"152";"142";"6658840"
"260";"0";"0";"33";"6658837";"-77";"183";"3559";"1";"7";"6";"6";"2";"6";"6";"3";"2";"-99";"18";"1";"Mozilla/5.0 (Macintosh; Intel Mac OS X 10_15_7) AppleWebKit/605.1.15 (KHTML, like Gecko) Version/16.5 Safari/605.1.15";"https://fu-berlin.sona-systems.com/";"0";"0";"-66";"0";"6658839,6669989,6658842,6658841,6669991,6674846,6670219,6669990,6658837";"1";"0";"0";"-77";"-77";"2c240b421a4285f7b26b6321900e2bd1";"1";"0";"1687431045";"2023-06-22 10:50:45";"2023-06-22 10:53:48";"0000-00-00 00:00:00";"13";"0";"117";"160";"183";"171";"6658841"
"261";"0";"0";"33";"6658837";"-77";"175";"4036";"1";"6";"5";"6";"3";"6";"5";"5";"2";"-99";"22";"1";"Mozilla/5.0 (Windows NT 10.0; Win64; x64) AppleWebKit/537.36 (KHTML, like Gecko) Chrome/114.0.0.0 Safari/537.36 Edg/114.0.1823.51";"https://fu-berlin.sona-systems.com/";"0";"0";"-66";"0";"6658839,6669989,6658842,6658841,6669991,6674846,6670219,6669990,6658837";"0";"1";"0";"-77";"-77";"3b120a145493289bef4725f37aed09a1";"1";"0";"1687433535";"2023-06-22 11:32:15";"2023-06-22 11:35:10";"0000-00-00 00:00:00";"70";"0";"121";"154";"175";"163";"6658841"
"262";"0";"0";"33";"6658837";"-77";"172";"-77";"1";"5";"4";"4";"3";"5";"2";"2";"2";"-99";"31";"1";"Mozilla/5.0 (iPhone; CPU iPhone OS 16_1_2 like Mac OS X) AppleWebKit/605.1.15 (KHTML, like Gecko) Mobile/15E148 MicroMessenger/8.0.38(0x1800262a) NetType/WIFI Language/zh_CN";"-99";"0";"0";"-66";"0";"6658839,6669989,6658842,6658840,6669991,6674846,6670219,6669990,6658837";"1";"1";"0";"-77";"-77";"033e4d26342685fb15f09d257af6ca5d";"1";"0";"1687434167";"2023-06-22 11:42:47";"2023-06-22 11:45:39";"0000-00-00 00:00:00";"18";"64";"0";"143";"172";"158";"6658840"
"264";"0";"0";"33";"6658837";"-77";"85";"-77";"1";"4";"3";"3";"1";"3";"2";"4";"1";"-99";"39";"1";"Mozilla/5.0 (Macintosh; Intel Mac OS X 10_15_7) AppleWebKit/537.36 (KHTML, like Gecko) Chrome/112.0.0.0 Safari/537.36";"https://www.linkedin.com/";"0";"0";"-66";"0";"6658839,6669989,6658842,6658840,6669991,6674846,6670219,6669990,6658837";"0";"1";"0";"-77";"-77";"1154c24fb0d2391985d58e5943d44b52";"1";"0";"1687443772";"2023-06-22 14:22:52";"2023-06-22 14:24:17";"0000-00-00 00:00:00";"13";"45";"0";"68";"85";"76";"6658840"
"288";"0";"0";"33";"6658837";"-77";"114";"3250";"1";"6";"6";"6";"6";"6";"6";"7";"2";"-99";"39";"1";"Mozilla/5.0 (Windows NT 10.0; Win64; x64) AppleWebKit/537.36 (KHTML, like Gecko) Chrome/114.0.0.0 Safari/537.36 Edg/114.0.1823.51";"https://fu-berlin.sona-systems.com/";"0";"0";"-66";"0";"6658839,6669989,6658842,6658841,6669991,6674846,6670219,6669990,6658837";"1";"0";"0";"-77";"-77";"af657a07bfb6690ec2ccab9c25bb30da";"1";"0";"1687502713";"2023-06-23 06:45:13";"2023-06-23 06:47:07";"0000-00-00 00:00:00";"7";"0";"53";"88";"114";"96";"6658841"
"293";"0";"0";"33";"6658837";"-77";"173";"4762";"1";"6";"5";"6";"5";"6";"6";"5";"2";"-99";"43";"1";"Mozilla/5.0 (Windows NT 10.0; Win64; x64) AppleWebKit/537.36 (KHTML, like Gecko) Chrome/51.0.2704.79 Safari/537.36 Edge/14.14393";"https://fu-berlin.sona-systems.com/exp_sign_up.aspx?experiment_id=138&timeslot_id=2458";"0";"0";"-66";"0";"6658839,6669989,6658842,6658840,6669991,6674846,6670219,6669990,6658837";"1";"0";"0";"-77";"-77";"11e6aac3773b26b88c8e06665c892e5c";"1";"0";"1687526210";"2023-06-23 13:16:50";"2023-06-23 13:19:43";"0000-00-00 00:00:00";"14";"122";"0";"152";"173";"162";"6658840"
"322";"0";"0";"33";"6658837";"-77";"110";"3334";"1";"6";"5";"6";"5";"6";"5";"7";"2";"-99";"25";"1";"Mozilla/5.0 (Macintosh; Intel Mac OS X 10_15_7) AppleWebKit/605.1.15 (KHTML, like Gecko) Version/16.5 Safari/605.1.15";"https://fu-berlin.sona-systems.com/";"0";"0";"-66";"0";"6658839,6669989,6658842,6658841,6669991,6674846,6670219,6669990,6658837";"0";"1";"0";"-77";"-77";"55e57b4686bb757e5fafe222c95bd7b4";"1";"0";"1687628129";"2023-06-24 17:35:29";"2023-06-24 17:37:19";"0000-00-00 00:00:00";"12";"0";"49";"91";"110";"98";"6658841"
"346";"0";"0";"33";"6658837";"-77";"73";"3904";"1";"7";"7";"7";"4";"6";"6";"7";"2";"-99";"24";"1";"Mozilla/5.0 (Macintosh; Intel Mac OS X 10_15_7) AppleWebKit/605.1.15 (KHTML, like Gecko) Version/16.2 Safari/605.1.15";"-99";"0";"0";"-66";"0";"6658839,6669989,6658842,6658841,6669991,6674846,6670219,6669990,6658837";"1";"1";"0";"-77";"-77";"7fba957f9796f113562998e7d1ac2677";"1";"0";"1687698317";"2023-06-25 13:05:17";"2023-06-25 13:06:30";"0000-00-00 00:00:00";"5";"0";"18";"54";"73";"63";"6658841"
"349";"0";"0";"33";"6658837";"-77";"149";"4150";"1";"5";"4";"5";"2";"5";"4";"2";"2";"-99";"22";"1";"Mozilla/5.0 (Macintosh; Intel Mac OS X 10.15; rv:109.0) Gecko/20100101 Firefox/114.0";"https://fu-berlin.sona-systems.com/";"0";"0";"-66";"0";"6658839,6669989,6658842,6658841,6669991,6674846,6670219,6669990,6658837";"1";"0";"0";"-77";"-77";"ed44d28a04854eb59aa13fd644a62f8f";"1";"0";"1687707716";"2023-06-25 15:41:56";"2023-06-25 15:44:25";"0000-00-00 00:00:00";"17";"0";"72";"128";"149";"141";"6658841"
"357";"0";"0";"33";"6658837";"-77";"140";"3670";"1";"6";"7";"6";"6";"6";"7";"6";"1";"-99";"19";"1";"Mozilla/5.0 (Windows NT 10.0; Win64; x64) AppleWebKit/537.36 (KHTML, like Gecko) Chrome/114.0.0.0 Safari/537.36";"https://fu-berlin.sona-systems.com/";"0";"0";"-66";"0";"6658839,6669989,6658842,6658841,6669991,6674846,6670219,6669990,6658837";"0";"1";"0";"-77";"-77";"be23929138207594f7b6a32f2866f7dd";"1";"0";"1687762202";"2023-06-26 06:50:02";"2023-06-26 06:52:22";"0000-00-00 00:00:00";"12";"0";"47";"120";"140";"129";"6658841"
"358";"0";"0";"33";"6658837";"-77";"158";"3286";"1";"6";"2";"6";"2";"6";"4";"1";"2";"-99";"19";"1";"Mozilla/5.0 (Macintosh; Intel Mac OS X 10_15_7) AppleWebKit/605.1.15 (KHTML, like Gecko) Version/16.5 Safari/605.1.15";"https://fu-berlin.sona-systems.com/";"0";"0";"-66";"0";"6658839,6669989,6658842,6658840,6669991,6674846,6670219,6670219,6670219,6669990,6658837";"0";"0";"0";"-77";"-77";"7af3e9269ad5d390241a3cf335c2df48";"1";"0";"1687775264";"2023-06-26 10:27:44";"2023-06-26 10:30:22";"0000-00-00 00:00:00";"46";"102";"0";"139";"158";"145";"6658840"
"359";"0";"0";"33";"6658837";"-77";"178";"3340";"1";"5";"4";"5";"3";"4";"4";"3";"2";"-99";"29";"1";"Mozilla/5.0 (Macintosh; Intel Mac OS X 10_15_7) AppleWebKit/537.36 (KHTML, like Gecko) Chrome/114.0.0.0 Safari/537.36";"https://fu-berlin.sona-systems.com/";"0";"0";"-66";"0";"6658839,6669989,6658842,6658840,6669991,6674846,6670219,6669990,6658837";"1";"0";"0";"-77";"-77";"6df3cc25e604d530a56a4adaafc31a35";"1";"0";"1687775318";"2023-06-26 10:28:38";"2023-06-26 10:31:36";"0000-00-00 00:00:00";"37";"94";"0";"157";"178";"168";"6658840"
"363";"0";"0";"33";"6658837";"-77";"108";"4465";"1";"5";"4";"4";"4";"4";"5";"2";"2";"-99";"23";"1";"Mozilla/5.0 (Windows NT 10.0; Win64; x64; rv:109.0) Gecko/20100101 Firefox/113.0";"https://fu-berlin.sona-systems.com/";"0";"0";"-66";"0";"6658839,6669989,6658842,6658840,6669991,6674846,6670219,6669990,6658837";"0";"0";"0";"-77";"-77";"c84b00e1e87f7c80e6f45a4834d9aa6e";"1";"0";"1687791851";"2023-06-26 15:04:11";"2023-06-26 15:05:59";"0000-00-00 00:00:00";"9";"38";"0";"90";"108";"99";"6658840"
"364";"0";"0";"33";"6658837";"-77";"173";"-77";"1";"6";"6";"6";"6";"6";"6";"6";"2";"-99";"39";"1";"Mozilla/5.0 (Macintosh; Intel Mac OS X 10_15_7) AppleWebKit/537.36 (KHTML, like Gecko) Chrome/113.0.0.0 Safari/537.36";"https://l.facebook.com/";"0";"0";"-66";"0";"6658839,6669989,6658842,6658841,6669991,6674846,6670219,6669990,6658837";"0";"1";"0";"-77";"-77";"47109fa0f35ea54608de80cc02449f08";"1";"0";"1687854010";"2023-06-27 08:20:10";"2023-06-27 08:23:03";"0000-00-00 00:00:00";"12";"0";"75";"147";"173";"160";"6658841"
"370";"0";"0";"33";"6658837";"-77";"59";"3505";"1";"5";"5";"5";"4";"4";"4";"5";"2";"-99";"20";"1";"Mozilla/5.0 (Macintosh; Intel Mac OS X 10_15_7) AppleWebKit/605.1.15 (KHTML, like Gecko) Version/15.6.1 Safari/605.1.15";"https://fu-berlin.sona-systems.com/";"0";"0";"-66";"0";"6658839,6669989,6658842,6658841,6669991,6674846,6670219,6669990,6658837";"1";"0";"0";"-77";"-77";"8e8ff5d3eaa29ab016352f41a6860fcd";"1";"0";"1687880946";"2023-06-27 15:49:06";"2023-06-27 15:50:05";"0000-00-00 00:00:00";"6";"0";"23";"46";"59";"51";"6658841"
"374";"0";"0";"33";"6658837";"-77";"157";"5050";"1";"5";"5";"4";"3";"5";"5";"5";"2";"-99";"19";"1";"Mozilla/5.0 (Macintosh; Intel Mac OS X 10_15_7) AppleWebKit/605.1.15 (KHTML, like Gecko) Version/15.2 Safari/605.1.15";"https://fu-berlin.sona-systems.com/";"0";"0";"-66";"0";"6658839,6669989,6658842,6658841,6669991,6674846,6670219,6669990,6658837";"0";"1";"0";"-77";"-77";"025970c40dc45acd4259e2aece4786f6";"1";"0";"1687883767";"2023-06-27 16:36:07";"2023-06-27 16:38:44";"0000-00-00 00:00:00";"9";"0";"65";"130";"157";"143";"6658841"
"375";"0";"0";"33";"6658837";"-77";"101";"3907";"1";"3";"3";"5";"2";"6";"2";"3";"2";"-99";"22";"1";"Mozilla/5.0 (Macintosh; Intel Mac OS X 10_15_7) AppleWebKit/605.1.15 (KHTML, like Gecko) Version/15.6.1 Safari/605.1.15";"https://fu-berlin.sona-systems.com/";"0";"0";"-66";"0";"6658839,6669989,6658842,6658840,6669991,6674846,6670219,6669990,6658837";"0";"1";"0";"-77";"-77";"d62fc1a5fcc72161ff2986d9f4048215";"1";"0";"1687884412";"2023-06-27 16:46:52";"2023-06-27 16:48:33";"0000-00-00 00:00:00";"7";"45";"0";"85";"101";"92";"6658840"
"376";"0";"0";"33";"6658837";"-77";"95";"3472";"1";"3";"3";"3";"4";"3";"3";"1";"1";"-99";"23";"1";"Mozilla/5.0 (Windows NT 10.0; Win64; x64; rv:109.0) Gecko/20100101 Firefox/114.0";"https://fu-berlin.sona-systems.com/";"0";"0";"-66";"0";"6658839,6669989,6658842,6658840,6669991,6674846,6670219,6669990,6658837";"1";"0";"0";"-77";"-77";"269bc83be34b6bd0ee1863b94aaf97ac";"1";"0";"1687938464";"2023-06-28 07:47:44";"2023-06-28 07:49:19";"0000-00-00 00:00:00";"7";"35";"0";"73";"95";"78";"6658840"
"378";"0";"0";"33";"6658837";"-77";"90";"4429";"1";"7";"6";"5";"4";"6";"6";"3";"2";"-99";"21";"2";"Mozilla/5.0 (Macintosh; Intel Mac OS X 10_15_7) AppleWebKit/605.1.15 (KHTML, like Gecko) Version/16.5 Safari/605.1.15";"https://fu-berlin.sona-systems.com/";"0";"0";"-66";"0";"6658839,6669989,6658842,6658840,6669991,6674846,6670219,6669990,6658837";"1";"0";"0";"-77";"-77";"a909164bc2df8e7bd260bd44322189e6";"1";"0";"1687946920";"2023-06-28 10:08:40";"2023-06-28 10:10:10";"0000-00-00 00:00:00";"6";"43";"0";"72";"90";"80";"6658840"
"381";"0";"0";"33";"6658837";"-77";"197";"-77";"1";"3";"3";"3";"1";"3";"1";"1";"1";"-99";"56";"1";"Mozilla/5.0 (Linux; Android 13; SAMSUNG SM-G781B/G781BXXU6HWE6) AppleWebKit/537.36 (KHTML, like Gecko) SamsungBrowser/21.0 Chrome/110.0.5481.154 Mobile Safari/537.36";"-99";"0";"0";"-66";"0";"6658839,6669989,6658842,6658841,6669991,6674846,6670219,6669990,6658837";"1";"0";"0";"-77";"-77";"abad344b75bcfc03191b38c174564c0c";"1";"0";"1687947212";"2023-06-28 10:13:32";"2023-06-28 10:16:49";"0000-00-00 00:00:00";"33";"0";"105";"167";"197";"177";"6658841"
"382";"0";"0";"33";"6658837";"-77";"118";"-77";"1";"7";"7";"7";"4";"7";"7";"6";"1";"-99";"37";"1";"Mozilla/5.0 (iPhone; CPU iPhone OS 16_5 like Mac OS X) AppleWebKit/605.1.15 (KHTML, like Gecko) CriOS/114.0.5735.124 Mobile/15E148 Safari/604.1";"-99";"0";"0";"-66";"0";"6658839,6669989,6658842,6658840,6669991,6674846,6670219,6669990,6658837";"0";"0";"0";"-77";"-77";"4cc53c84ab798964fcb21e6f203eac4d";"1";"0";"1687949270";"2023-06-28 10:47:50";"2023-06-28 10:49:48";"0000-00-00 00:00:00";"20";"51";"0";"95";"118";"105";"6658840"
"383";"0";"0";"33";"6658837";"-77";"372";"-77";"1";"5";"6";"6";"6";"5";"6";"4";"2";"-99";"61";"1";"Mozilla/5.0 (Linux; Android 10; K) AppleWebKit/537.36 (KHTML, like Gecko) Chrome/114.0.0.0 Mobile Safari/537.36";"-99";"0";"0";"-66";"0";"6658839,6669989,6658842,6658840,6658840,6658840,6669991,6674846,6670219,6669990,6658837";"0";"1";"0";"-77";"-77";"72b39374a230c592656718384e42d9fc";"1";"0";"1687955442";"2023-06-28 12:30:42";"2023-06-28 12:36:54";"0000-00-00 00:00:00";"58";"257";"0";"337";"372";"353";"6658840"
"386";"0";"0";"33";"6658837";"-77";"108";"4579";"1";"5";"5";"4";"4";"4";"4";"3";"2";"-99";"21";"1";"Mozilla/5.0 (Macintosh; Intel Mac OS X 10_15_7) AppleWebKit/605.1.15 (KHTML, like Gecko) Version/15.1 Safari/605.1.15";"https://fu-berlin.sona-systems.com/";"0";"0";"-66";"0";"6658839,6669989,6658842,6658841,6669991,6674846,6670219,6669990,6658837";"0";"0";"0";"-77";"-77";"04c1d13adb4ce25d2e8d5597755648e2";"1";"0";"1687962493";"2023-06-28 14:28:13";"2023-06-28 14:30:01";"0000-00-00 00:00:00";"6";"0";"45";"89";"108";"97";"6658841"
"387";"0";"0";"33";"6658837";"-77";"138";"-77";"1";"6";"7";"7";"6";"6";"6";"5";"2";"-99";"57";"1";"Mozilla/5.0 (iPhone; CPU iPhone OS 16_5_1 like Mac OS X) AppleWebKit/605.1.15 (KHTML, like Gecko) Version/16.5.1 Mobile/15E148 Safari/604.1";"-99";"0";"0";"-66";"0";"6658839,6669989,6658842,6658841,6669991,6674846,6670219,6669990,6658837";"0";"1";"0";"-77";"-77";"4adb4f84fc1b1fbe4c30310d6dc88377";"1";"0";"1687971318";"2023-06-28 16:55:18";"2023-06-28 16:57:36";"0000-00-00 00:00:00";"23";"0";"55";"116";"138";"128";"6658841"
"388";"0";"0";"33";"6658837";"-77";"166";"-77";"1";"7";"4";"6";"4";"7";"4";"2";"2";"-99";"41";"1";"Mozilla/5.0 (Linux; Android 10; K) AppleWebKit/537.36 (KHTML, like Gecko) Chrome/114.0.0.0 Mobile Safari/537.36";"-99";"0";"0";"-66";"0";"6658839,6669989,6658842,6658840,6669991,6674846,6670219,6669990,6658837";"1";"0";"0";"-77";"-77";"80be91e7b2218dfd04cca93d3e9ab332";"1";"0";"1687972990";"2023-06-28 17:23:10";"2023-06-28 17:25:56";"0000-00-00 00:00:00";"26";"73";"0";"137";"166";"152";"6658840"
"389";"0";"0";"33";"6658837";"-77";"147";"3556";"1";"5";"4";"4";"2";"4";"4";"2";"2";"-99";"23";"1";"Mozilla/5.0 (Macintosh; Intel Mac OS X 10_15_7) AppleWebKit/605.1.15 (KHTML, like Gecko) Version/16.5.1 Safari/605.1.15";"https://fu-berlin.sona-systems.com/";"0";"0";"-66";"0";"6658839,6669989,6658842,6658841,6669991,6674846,6670219,6669990,6658837";"0";"1";"0";"-77";"-77";"151535c3d8a9f3c92b7a5da9eced7f3b";"1";"0";"1687973623";"2023-06-28 17:33:43";"2023-06-28 17:36:10";"0000-00-00 00:00:00";"13";"0";"48";"115";"147";"132";"6658841"
"393";"0";"0";"33";"6658837";"-77";"158";"-77";"1";"6";"6";"6";"4";"6";"5";"7";"1";"-99";"44";"1";"Mozilla/5.0 (iPhone; CPU iPhone OS 16_5 like Mac OS X) AppleWebKit/605.1.15 (KHTML, like Gecko) FxiOS/113.2  Mobile/15E148 Safari/605.1.15";"-99";"0";"0";"-66";"0";"6658839,6669989,6658842,6658841,6669991,6674846,6670219,6669990,6658837";"1";"1";"0";"-77";"-77";"96bf4a3a1374cf2fa18e75f294ee7d9d";"1";"0";"1688026073";"2023-06-29 08:07:53";"2023-06-29 08:10:31";"0000-00-00 00:00:00";"16";"0";"76";"131";"158";"140";"6658841"
"397";"0";"0";"33";"6658837";"-77";"240";"4021";"1";"6";"4";"5";"4";"5";"4";"5";"2";"-99";"20";"1";"Mozilla/5.0 (Windows NT 10.0; Win64; x64) AppleWebKit/537.36 (KHTML, like Gecko) Chrome/114.0.0.0 Safari/537.36 Edg/114.0.1823.51";"https://fu-berlin.sona-systems.com/";"0";"0";"-66";"0";"6658839,6669989,6658842,6658840,6669991,6674846,6670219,6669990,6658837";"0";"0";"0";"-77";"-77";"bea7f20bac2e08b1e0a97a03d3018caa";"1";"0";"1688039720";"2023-06-29 11:55:20";"2023-06-29 11:59:20";"0000-00-00 00:00:00";"42";"106";"0";"172";"240";"226";"6658840"
"398";"0";"0";"33";"6658837";"-77";"88";"3727";"1";"6";"5";"6";"5";"6";"5";"5";"2";"-99";"20";"1";"Mozilla/5.0 (Linux; Android 10; DBY-W09) AppleWebKit/537.36 (KHTML, like Gecko) Chrome/112.0.5615.135 Safari/537.36 OPR/75.2.3978.72468";"https://fu-berlin.sona-systems.com/";"0";"0";"-66";"0";"6658839,6669989,6658842,6658840,6669991,6674846,6670219,6669990,6658837";"1";"0";"0";"-77";"-77";"4d5b6787c4b580d4c9789e9ab53cfb4d";"1";"0";"1688040313";"2023-06-29 12:05:13";"2023-06-29 12:06:41";"0000-00-00 00:00:00";"12";"34";"0";"69";"88";"77";"6658840"
"399";"0";"0";"33";"6658837";"-77";"181";"3292";"1";"7";"4";"7";"4";"7";"4";"6";"2";"-99";"26";"1";"Mozilla/5.0 (Macintosh; Intel Mac OS X 10_15_7) AppleWebKit/537.36 (KHTML, like Gecko) Chrome/114.0.0.0 Safari/537.36";"https://fu-berlin.sona-systems.com/";"0";"0";"-66";"0";"6658839,6669989,6658842,6658841,6669991,6674846,6670219,6669990,6658837";"1";"1";"0";"-77";"-77";"3b1f8cf85c7509cf2c7fafbfd92379f4";"1";"0";"1688056694";"2023-06-29 16:38:14";"2023-06-29 16:41:15";"0000-00-00 00:00:00";"21";"0";"94";"161";"181";"171";"6658841"
"400";"0";"0";"33";"6658837";"-77";"462";"3376";"1";"6";"5";"6";"5";"6";"6";"3";"2";"-99";"33";"1";"Mozilla/5.0 (Macintosh; Intel Mac OS X 10.15; rv:109.0) Gecko/20100101 Firefox/114.0";"https://fu-berlin.sona-systems.com/";"0";"0";"-66";"0";"6658839,6669989,6658842,6658841,6669991,6674846,6670219,6669990,6658837";"1";"1";"0";"-77";"-77";"9facd73bf18b7745774d4206b5043a27";"1";"0";"1688058541";"2023-06-29 17:09:01";"2023-06-29 17:16:44";"0000-00-00 00:00:00";"385";"0";"411";"444";"463";"453";"6658841"
"401";"0";"0";"33";"6658837";"-77";"141";"5095";"1";"4";"3";"3";"1";"3";"4";"4";"2";"-99";"19";"1";"Mozilla/5.0 (Macintosh; Intel Mac OS X 10_15_7) AppleWebKit/605.1.15 (KHTML, like Gecko) Version/16.4 Safari/605.1.15";"https://fu-berlin.sona-systems.com/";"0";"0";"-66";"0";"6658839,6669989,6658842,6658840,6669991,6674846,6670219,6669990,6658837";"0";"1";"0";"-77";"-77";"ea9f847242ca068ef9a2ab4fe2b0a86a";"1";"0";"1688059552";"2023-06-29 17:25:52";"2023-06-29 17:28:13";"0000-00-00 00:00:00";"15";"102";"0";"122";"141";"128";"6658840"
"402";"0";"0";"33";"6658837";"-77";"124";"3310";"1";"3";"3";"3";"4";"3";"4";"5";"2";"-99";"30";"1";"Mozilla/5.0 (Macintosh; Intel Mac OS X 10.15; rv:109.0) Gecko/20100101 Firefox/114.0";"https://fu-berlin.sona-systems.com/";"0";"0";"-66";"0";"6658839,6669989,6658842,6658841,6669991,6674846,6670219,6669990,6658837";"0";"0";"0";"-77";"-77";"02a7e10c6feaaae6e973b0b130ee1fe4";"1";"0";"1688114236";"2023-06-30 08:37:16";"2023-06-30 08:39:20";"0000-00-00 00:00:00";"11";"0";"68";"111";"124";"117";"6658841"
"405";"0";"0";"33";"6658837";"-77";"131";"-77";"1";"6";"6";"7";"5";"6";"6";"1";"1";"-99";"36";"1";"Mozilla/5.0 (iPhone; CPU iPhone OS 16_5 like Mac OS X) AppleWebKit/605.1.15 (KHTML, like Gecko) CriOS/114.0.5735.124 Mobile/15E148 Safari/604.1";"-99";"0";"0";"-66";"0";"6658839,6669989,6658842,6658841,6669991,6674846,6670219,6669990,6658837";"1";"0";"0";"-77";"-77";"2fcb78bead8a7170993421b0a57e2a1a";"1";"0";"1688138197";"2023-06-30 15:16:37";"2023-06-30 15:18:48";"0000-00-00 00:00:00";"9";"0";"50";"105";"131";"119";"6658841"
"406";"0";"0";"33";"6658837";"-77";"132";"-77";"1";"4";"4";"4";"4";"4";"4";"3";"2";"-99";"40";"1";"Mozilla/5.0 (iPhone; CPU iPhone OS 16_3_1 like Mac OS X) AppleWebKit/605.1.15 (KHTML, like Gecko) Version/16.3 Mobile/15E148 Safari/604.1";"-99";"0";"0";"-66";"0";"6658839,6669989,6658842,6658841,6669991,6674846,6670219,6669990,6658837";"1";"0";"0";"-77";"-77";"268b2f115088566920c3ac148ff0b421";"1";"0";"1688138576";"2023-06-30 15:22:56";"2023-06-30 15:25:08";"0000-00-00 00:00:00";"8";"0";"62";"108";"132";"123";"6658841"
"407";"0";"0";"33";"6658837";"-77";"88";"-77";"1";"1";"4";"1";"1";"1";"4";"2";"2";"-99";"25";"1";"Mozilla/5.0 (iPhone; CPU iPhone OS 16_5_1 like Mac OS X) AppleWebKit/605.1.15 (KHTML, like Gecko) Version/16.5.1 Mobile/15E148 Safari/604.1";"-99";"0";"0";"-66";"0";"6658839,6669989,6658842,6658840,6669991,6674846,6670219,6669990,6658837";"0";"0";"0";"-77";"-77";"2fbcfc89c36f6bd170c12b43b7aad2a4";"1";"0";"1688138712";"2023-06-30 15:25:12";"2023-06-30 15:26:40";"0000-00-00 00:00:00";"5";"44";"0";"73";"88";"80";"6658840"
"408";"0";"0";"33";"6658837";"-77";"201";"-77";"1";"6";"7";"7";"7";"6";"7";"2";"2";"-99";"34";"1";"Mozilla/5.0 (Linux; Android 10; K) AppleWebKit/537.36 (KHTML, like Gecko) Chrome/114.0.0.0 Mobile Safari/537.36";"-99";"0";"0";"-66";"0";"6658839,6669989,6658842,6658840,6669991,6674846,6670219,6669990,6658837";"1";"1";"0";"-77";"-77";"e2d3e7f9a96567d7768eea9f8fac04d7";"1";"0";"1688141272";"2023-06-30 16:07:52";"2023-06-30 16:11:13";"0000-00-00 00:00:00";"30";"71";"0";"171";"201";"190";"6658840"
"409";"0";"0";"33";"6658837";"-77";"1462";"-77";"1";"6";"4";"6";"4";"6";"5";"3";"2";"-99";"66";"1";"Mozilla/5.0 (Linux; Android 11) AppleWebKit/537.36 (KHTML, like Gecko) Version/4.0 Chrome/113.0.5672.162 Mobile DuckDuckGo/5 Safari/537.36";"-99";"0";"0";"-66";"0";"6658839,6669989,6658842,6658840,6669991,6674846,6670219,6669990,6658837";"1";"0";"0";"-77";"-77";"ea555977ee976e5749a57815001e7ac8";"1";"0";"1688194109";"2023-07-01 06:48:29";"2023-07-01 07:12:51";"0000-00-00 00:00:00";"1228";"1291";"0";"1415";"1462";"1438";"6658840"
"412";"0";"0";"33";"6658837";"-77";"150";"-77";"1";"6";"5";"6";"4";"5";"4";"3";"2";"-99";"36";"1";"Mozilla/5.0 (iPhone; CPU iPhone OS 16_5_1 like Mac OS X) AppleWebKit/605.1.15 (KHTML, like Gecko) Version/16.5.1 Mobile/15E148 Safari/604.1";"-99";"0";"0";"-66";"0";"6658839,6669989,6658842,6658840,6669991,6674846,6670219,6669990,6658837";"0";"0";"0";"-77";"-77";"f5d950d6cb1d2f4ee62eacba5e0dede8";"1";"0";"1688149765";"2023-06-30 18:29:25";"2023-06-30 18:31:55";"0000-00-00 00:00:00";"11";"64";"0";"129";"150";"140";"6658840"
"414";"0";"0";"33";"6658837";"-77";"126";"5065";"1";"5";"4";"5";"4";"5";"4";"1";"4";"-99";"35";"1";"Mozilla/5.0 (iPhone; CPU iPhone OS 16_5_1 like Mac OS X) AppleWebKit/605.1.15 (KHTML, like Gecko) Version/16.5.1 Mobile/15E148 Safari/604.1";"https://fu-berlin.sona-systems.com/";"0";"0";"-66";"0";"6658839,6669989,6658842,6658840,6669991,6674846,6670219,6669990,6658837";"0";"0";"0";"-77";"-77";"8b739745018851e9e0dd9378941bf851";"1";"0";"1688230643";"2023-07-01 16:57:23";"2023-07-01 16:59:29";"0000-00-00 00:00:00";"10";"50";"0";"109";"126";"116";"6658840"
"415";"0";"0";"33";"6658837";"-77";"100";"3454";"1";"5";"6";"6";"6";"5";"6";"6";"2";"-99";"20";"1";"Mozilla/5.0 (Linux; Android 8.0.0; SAMSUNG SM-G930F) AppleWebKit/537.36 (KHTML, like Gecko) SamsungBrowser/20.0 Chrome/106.0.5249.126 Mobile Safari/537.36";"-99";"0";"0";"-66";"0";"6658839,6669989,6658842,6658841,6669991,6669991,6674846,6670219,6669990,6658837";"1";"0";"0";"-77";"-77";"b43a187fe112930eb557494cffec040d";"1";"0";"1688234237";"2023-07-01 17:57:17";"2023-07-01 17:58:57";"0000-00-00 00:00:00";"9";"0";"55";"84";"100";"90";"6658841"
"416";"0";"0";"33";"6658837";"-77";"132";"3586";"1";"6";"6";"6";"4";"6";"6";"3";"2";"-99";"27";"1";"Mozilla/5.0 (Macintosh; Intel Mac OS X 10_15_7) AppleWebKit/605.1.15 (KHTML, like Gecko) Version/16.3 Safari/605.1.15";"https://fu-berlin.sona-systems.com/";"0";"0";"-66";"0";"6658839,6669989,6658842,6658840,6669991,6674846,6670219,6669990,6658837";"0";"1";"0";"-77";"-77";"18b8583d340d2fc2ec2a545cd976ad9a";"1";"0";"1688238154";"2023-07-01 19:02:34";"2023-07-01 19:04:46";"0000-00-00 00:00:00";"23";"65";"0";"112";"132";"121";"6658840"
"429";"0";"0";"33";"6658837";"-77";"166";"3406";"1";"5";"5";"6";"3";"5";"4";"2";"2";"-99";"24";"1";"Mozilla/5.0 (Windows NT 10.0; Win64; x64) AppleWebKit/537.36 (KHTML, like Gecko) Chrome/113.0.0.0 Safari/537.36 OPR/99.0.0.0";"https://fu-berlin.sona-systems.com/";"0";"0";"-66";"0";"6658839,6669989,6658842,6658840,6669991,6674846,6670219,6669990,6658837";"1";"1";"0";"-77";"-77";"1e6a612de3a93492f651b04978270e12";"1";"0";"1688371662";"2023-07-03 08:07:42";"2023-07-03 08:10:28";"0000-00-00 00:00:00";"45";"120";"0";"147";"166";"155";"6658840"
"430";"0";"0";"33";"6658837";"-77";"104";"5209";"1";"6";"5";"6";"5";"6";"6";"3";"2";"-99";"22";"1";"Mozilla/5.0 (Macintosh; Intel Mac OS X 10_15_7) AppleWebKit/605.1.15 (KHTML, like Gecko) Version/15.6 Safari/605.1.15";"https://fu-berlin.sona-systems.com/";"0";"0";"-66";"0";"6658839,6669989,6658842,6658840,6669991,6674846,6670219,6669990,6658837";"1";"0";"0";"-77";"-77";"c42e890281ceaeae275f83b8eb5f6c4e";"1";"0";"1688378033";"2023-07-03 09:53:53";"2023-07-03 09:55:37";"0000-00-00 00:00:00";"19";"46";"0";"90";"104";"96";"6658840"
"431";"0";"0";"33";"6658837";"-77";"148";"3952";"1";"6";"5";"6";"4";"5";"5";"6";"2";"-99";"24";"1";"Mozilla/5.0 (Macintosh; Intel Mac OS X 10_15_7) AppleWebKit/605.1.15 (KHTML, like Gecko) Version/15.5 Safari/605.1.15";"https://fu-berlin.sona-systems.com/";"0";"0";"-66";"0";"6658839,6669989,6658842,6658841,6669991,6674846,6670219,6669990,6658837";"0";"1";"0";"-77";"-77";"76c66f7c706a4f41ae358891f595aa60";"1";"0";"1688379670";"2023-07-03 10:21:10";"2023-07-03 10:23:38";"0000-00-00 00:00:00";"8";"0";"64";"130";"148";"136";"6658841"
